行程id,子行程id,车辆id,检测时间,经度,纬度,方向,星数,定位状态,gps速度,定位时间,时间戳,里程戳,油量戳,车速,转数,水温,电压,加速度(m/s^2),怠速状态,new_col
600050992309,3757,636d9ce3-d6c1-4bcc-984a-20b82a23c538,2022-07-18 20:17:09,108.986576,34.323552,77,5,1,10,2022-07-18 20:17:11,64.0,184,331,0.0,727,75,14.8,-0.6944444444444444,T,1
600050992309,3757,636d9ce3-d6c1-4bcc-984a-20b82a23c538,2022-07-18 20:17:09,108.986576,34.323552,77,5,1,10,2022-07-18 20:17:12,65.0,184,331,0.0,727,75,14.8,-0.6944444444444444,T,2
600050992309,3757,636d9ce3-d6c1-4bcc-984a-20b82a23c538,2022-07-18 20:17:09,108.986584,34.323532,0,5,1,2,2022-07-18 20:17:13,66.0,184,337,0.0,735,75,14.8,-0.2777777777777778,T,3
600050992309,3757,636d9ce3-d6c1-4bcc-984a-20b82a23c538,2022-07-18 20:17:09,108.986584,34.32352,0,5,1,1,2022-07-18 20:17:14,67.0,184,343,0.0,744,76,14.9,0.0,T,4
600050992309,3757,636d9ce3-d6c1-4bcc-984a-20b82a23c538,2022-07-18 20:17:09,108.986584,34.323504,0,5,1,1,2022-07-18 20:17:15,68.0,184,350,0.0,734,76,14.9,0.0,T,5
600050992309,3757,636d9ce3-d6c1-4bcc-984a-20b82a23c538,2022-07-18 20:17:09,108.986584,34.323504,0,5,1,1,2022-07-18 20:17:16,69.0,184,350,0.0,734,76,14.9,0.0,T,6
600050992309,3757,636d9ce3-d6c1-4bcc-984a-20b82a23c538,2022-07-18 20:17:23,108.9866,34.323492,0,6,1,1,2022-07-18 20:17:17,70.0,184,357,0.0,746,76,14.9,0.0,T,7
600050992309,3757,636d9ce3-d6c1-4bcc-984a-20b82a23c538,2022-07-18 20:17:23,108.9866,34.323492,0,6,1,0,2022-07-18 20:17:18,71.0,184,362,0.0,734,77,14.9,0.0,T,8
600050992309,3757,636d9ce3-d6c1-4bcc-984a-20b82a23c538,2022-07-18 20:17:23,108.9866,34.323492,0,6,1,0,2022-07-18 20:17:19,72.0,184,368,0.0,728,77,14.8,0.0,T,9
600050992309,3757,636d9ce3-d6c1-4bcc-984a-20b82a23c538,2022-07-18 20:17:23,108.9866,34.323492,0,6,1,0,2022-07-18 20:17:20,73.0,184,368,0.0,728,77,14.8,0.0,T,10
600050992309,3757,636d9ce3-d6c1-4bcc-984a-20b82a23c538,2022-07-18 20:17:23,108.9866,34.323488,0,5,1,0,2022-07-18 20:17:21,74.0,184,373,0.0,714,77,14.9,0.0,T,11
600050992309,3757,636d9ce3-d6c1-4bcc-984a-20b82a23c538,2022-07-18 20:17:23,108.9866,34.323488,0,5,1,0,2022-07-18 20:17:22,75.0,184,379,0.0,709,77,14.8,0.0,T,12
600050992309,3757,636d9ce3-d6c1-4bcc-984a-20b82a23c538,2022-07-18 20:17:23,108.986616,34.323488,0,5,1,0,2022-07-18 20:17:23,76.0,184,384,0.0,692,77,14.8,0.0,T,13
600050992309,3757,636d9ce3-d6c1-4bcc-984a-20b82a23c538,2022-07-18 20:17:23,108.986616,34.323488,0,5,1,0,2022-07-18 20:17:24,77.0,184,384,0.0,692,77,14.8,0.0,T,14
600050992309,3757,636d9ce3-d6c1-4bcc-984a-20b82a23c538,2022-07-18 20:17:23,108.986616,34.323492,0,5,1,0,2022-07-18 20:17:25,78.0,184,389,0.0,708,77,14.9,0.0,T,15
600050992309,3757,636d9ce3-d6c1-4bcc-984a-20b82a23c538,2022-07-18 20:17:23,108.986616,34.323488,0,5,1,0,2022-07-18 20:17:26,79.0,184,394,0.0,692,77,14.8,0.0,T,16
600050992309,3757,636d9ce3-d6c1-4bcc-984a-20b82a23c538,2022-07-18 20:17:23,108.986616,34.323488,0,5,1,0,2022-07-18 20:17:27,80.0,184,394,0.0,692,77,14.8,0.0,T,17
600050992309,3757,636d9ce3-d6c1-4bcc-984a-20b82a23c538,2022-07-18 20:17:23,108.98664,34.323488,0,5,1,1,2022-07-18 20:17:28,81.0,184,399,0.0,685,77,14.8,0.5555555555555556,T,18
600050992309,3757,636d9ce3-d6c1-4bcc-984a-20b82a23c538,2022-07-18 20:17:23,108.986656,34.323492,0,6,1,2,2022-07-18 20:17:29,82.0,185,404,0.0,686,77,14.8,0.2777777777777778,T,19
600050992309,3757,636d9ce3-d6c1-4bcc-984a-20b82a23c538,2022-07-18 20:17:37,108.986672,34.323496,0,6,1,3,2022-07-18 20:17:30,83.0,186,410,0.0,702,78,14.8,-0.4166666666666667,T,20
600050992309,3757,636d9ce3-d6c1-4bcc-984a-20b82a23c538,2022-07-18 20:17:37,108.986672,34.323496,0,6,1,3,2022-07-18 20:17:31,84.0,186,410,0.0,702,78,14.8,-0.4166666666666667,T,21
600050992309,3757,636d9ce3-d6c1-4bcc-984a-20b82a23c538,2022-07-18 20:17:37,108.986688,34.3235,0,7,1,1,2022-07-18 20:17:32,85.0,186,415,0.0,719,78,14.7,0.0,T,22
600050992309,3757,636d9ce3-d6c1-4bcc-984a-20b82a23c538,2022-07-18 20:17:37,108.986704,34.323492,0,7,1,0,2022-07-18 20:17:33,86.0,186,420,0.0,706,78,14.9,0.0,T,23
600050992309,3757,636d9ce3-d6c1-4bcc-984a-20b82a23c538,2022-07-18 20:17:37,108.986704,34.323492,0,7,1,0,2022-07-18 20:17:34,87.0,186,426,0.0,712,78,14.9,0.0,T,24
600050992309,3757,636d9ce3-d6c1-4bcc-984a-20b82a23c538,2022-07-18 20:17:37,108.986704,34.323492,0,7,1,0,2022-07-18 20:17:35,88.0,186,426,0.0,712,78,14.9,0.0,T,25
600050992309,3757,636d9ce3-d6c1-4bcc-984a-20b82a23c538,2022-07-18 20:17:37,108.986704,34.323496,0,7,1,0,2022-07-18 20:17:36,89.0,186,432,0.0,689,78,14.8,0.0,T,26
600050992309,3757,636d9ce3-d6c1-4bcc-984a-20b82a23c538,2022-07-18 20:17:37,108.986704,34.323492,0,7,1,0,2022-07-18 20:17:37,90.0,186,437,0.0,702,78,14.9,0.0,T,27
600050992309,3757,636d9ce3-d6c1-4bcc-984a-20b82a23c538,2022-07-18 20:17:37,108.986704,34.323492,0,7,1,0,2022-07-18 20:17:38,91.0,186,442,0.0,694,78,14.8,0.0,T,28
600050992309,3757,636d9ce3-d6c1-4bcc-984a-20b82a23c538,2022-07-18 20:17:37,108.986704,34.323492,0,7,1,0,2022-07-18 20:17:39,92.0,186,442,0.0,694,78,14.8,0.0,T,29
600050992309,3757,636d9ce3-d6c1-4bcc-984a-20b82a23c538,2022-07-18 20:17:37,108.986704,34.323492,0,7,1,0,2022-07-18 20:17:40,93.0,186,447,0.0,697,79,14.8,0.0,T,30
600050992309,3757,636d9ce3-d6c1-4bcc-984a-20b82a23c538,2022-07-18 20:17:37,108.986704,34.323492,0,7,1,0,2022-07-18 20:17:41,94.0,186,452,0.0,694,79,14.8,0.0,T,31
600050992309,3757,636d9ce3-d6c1-4bcc-984a-20b82a23c538,2022-07-18 20:17:37,108.986704,34.323492,0,7,1,0,2022-07-18 20:17:42,95.0,186,452,0.0,694,79,14.8,0.0,T,32
600050992309,3757,636d9ce3-d6c1-4bcc-984a-20b82a23c538,2022-07-18 20:17:37,108.986704,34.323492,0,7,1,0,2022-07-18 20:17:43,96.0,186,457,0.0,687,79,14.9,0.0,T,33
600050992309,3757,636d9ce3-d6c1-4bcc-984a-20b82a23c538,2022-07-18 20:17:50,108.986704,34.323496,0,7,1,0,2022-07-18 20:17:44,97.0,186,462,0.0,691,78,14.9,0.0,T,34
600050992309,3757,636d9ce3-d6c1-4bcc-984a-20b82a23c538,2022-07-18 20:17:50,108.986704,34.323496,0,7,1,0,2022-07-18 20:17:45,98.0,186,467,0.0,686,78,14.7,0.1388888888888889,T,35
600050992309,3757,636d9ce3-d6c1-4bcc-984a-20b82a23c538,2022-07-18 20:17:50,108.986704,34.323496,0,7,1,0,2022-07-18 20:17:46,99.0,186,467,0.0,686,78,14.7,0.1388888888888889,T,36
600050992309,3757,636d9ce3-d6c1-4bcc-984a-20b82a23c538,2022-07-18 20:17:50,108.986704,34.323496,0,7,1,0,2022-07-18 20:17:47,100.0,186,467,0.0,686,78,14.7,0.1388888888888889,T,37
600050992309,3757,636d9ce3-d6c1-4bcc-984a-20b82a23c538,2022-07-18 20:17:50,108.98672,34.323492,0,7,1,2,2022-07-18 20:17:48,101.0,188,478,0.0,694,79,14.8,0.0,T,38
600050992309,3757,636d9ce3-d6c1-4bcc-984a-20b82a23c538,2022-07-18 20:17:50,108.986736,34.323492,0,7,1,2,2022-07-18 20:17:49,102.0,189,483,0.0,703,79,14.7,0.1388888888888889,T,39
600050992309,3757,636d9ce3-d6c1-4bcc-984a-20b82a23c538,2022-07-18 20:17:50,108.986736,34.323492,0,7,1,2,2022-07-18 20:17:50,103.0,189,483,0.0,703,79,14.7,0.1388888888888889,T,40
600050992309,3757,636d9ce3-d6c1-4bcc-984a-20b82a23c538,2022-07-18 20:17:50,108.986744,34.323492,0,7,1,3,2022-07-18 20:17:51,104.0,190,488,0.0,711,79,14.8,-0.5555555555555556,T,41
600050992309,3757,636d9ce3-d6c1-4bcc-984a-20b82a23c538,2022-07-18 20:17:50,108.986744,34.323492,0,7,1,3,2022-07-18 20:17:52,105.0,190,488,0.0,711,79,14.8,-0.5555555555555556,T,42
600050992309,3757,636d9ce3-d6c1-4bcc-984a-20b82a23c538,2022-07-18 20:17:50,108.986768,34.323492,0,6,1,1,2022-07-18 20:17:53,106.0,192,498,0.0,719,79,14.8,-0.1388888888888889,T,43
600050992309,3757,636d9ce3-d6c1-4bcc-984a-20b82a23c538,2022-07-18 20:17:50,108.986768,34.323492,0,6,1,1,2022-07-18 20:17:54,107.0,192,498,0.0,719,79,14.8,-0.1388888888888889,T,44
600050992309,3757,636d9ce3-d6c1-4bcc-984a-20b82a23c538,2022-07-18 20:17:50,108.986784,34.323496,0,8,1,0,2022-07-18 20:17:55,108.0,192,504,0.0,705,80,14.8,0.2777777777777778,T,45
600050992309,3757,636d9ce3-d6c1-4bcc-984a-20b82a23c538,2022-07-18 20:17:50,108.986784,34.323496,0,8,1,0,2022-07-18 20:17:56,109.0,192,504,0.0,705,80,14.8,0.2777777777777778,T,46
600050992309,3757,636d9ce3-d6c1-4bcc-984a-20b82a23c538,2022-07-18 20:18:04,108.986784,34.3235,0,8,1,0,2022-07-18 20:17:57,110.0,192,514,0.0,710,80,14.8,0.0,T,47
600050992309,3757,636d9ce3-d6c1-4bcc-984a-20b82a23c538,2022-07-18 20:18:04,108.986784,34.3235,0,8,1,0,2022-07-18 20:17:58,111.0,192,514,0.0,710,80,14.8,0.0,T,48
600050992309,3757,636d9ce3-d6c1-4bcc-984a-20b82a23c538,2022-07-18 20:18:04,108.986784,34.3235,0,8,1,0,2022-07-18 20:17:59,112.0,192,520,0.0,704,80,14.8,0.5555555555555556,T,49
600050992309,3757,636d9ce3-d6c1-4bcc-984a-20b82a23c538,2022-07-18 20:18:04,108.9868,34.323504,0,8,1,1,2022-07-18 20:18:00,113.0,193,525,0.0,688,80,14.8,-0.2777777777777778,T,50
600050992309,3757,636d9ce3-d6c1-4bcc-984a-20b82a23c538,2022-07-18 20:18:04,108.9868,34.323504,0,8,1,1,2022-07-18 20:18:01,114.0,193,525,0.0,688,80,14.8,-0.2777777777777778,T,51
600050992309,3757,636d9ce3-d6c1-4bcc-984a-20b82a23c538,2022-07-18 20:18:04,108.9868,34.3235,0,8,1,0,2022-07-18 20:18:02,115.0,193,530,0.0,702,81,14.8,0.0,T,52
600050992309,3757,636d9ce3-d6c1-4bcc-984a-20b82a23c538,2022-07-18 20:18:04,108.9868,34.323504,0,8,1,0,2022-07-18 20:18:03,116.0,193,536,0.0,695,81,14.7,0.0,T,53
600050992309,3757,636d9ce3-d6c1-4bcc-984a-20b82a23c538,2022-07-18 20:18:04,108.9868,34.323504,0,8,1,0,2022-07-18 20:18:04,117.0,193,541,0.0,715,81,14.8,0.0,T,54
600050992309,3757,636d9ce3-d6c1-4bcc-984a-20b82a23c538,2022-07-18 20:18:04,108.9868,34.323504,0,8,1,0,2022-07-18 20:18:05,118.0,193,541,0.0,715,81,14.8,0.0,T,55
600050992309,3757,636d9ce3-d6c1-4bcc-984a-20b82a23c538,2022-07-18 20:18:04,108.9868,34.323508,0,8,1,0,2022-07-18 20:18:06,119.0,193,546,0.0,695,81,14.8,0.2777777777777778,T,56
600050992309,3757,636d9ce3-d6c1-4bcc-984a-20b82a23c538,2022-07-18 20:18:04,108.9868,34.323512,0,8,1,1,2022-07-18 20:18:07,120.0,193,552,0.0,677,81,14.9,0.5555555555555556,T,57
600050992309,3757,636d9ce3-d6c1-4bcc-984a-20b82a23c538,2022-07-18 20:18:04,108.9868,34.323512,0,8,1,1,2022-07-18 20:18:08,121.0,193,552,0.0,677,81,14.9,0.5555555555555556,T,58
600050992309,3757,636d9ce3-d6c1-4bcc-984a-20b82a23c538,2022-07-18 20:18:04,108.9868,34.323512,0,8,1,1,2022-07-18 20:18:09,122.0,193,552,0.0,677,81,14.9,0.5555555555555556,T,59
600050992309,3757,636d9ce3-d6c1-4bcc-984a-20b82a23c538,2022-07-18 20:18:04,108.986816,34.323512,0,8,1,0,2022-07-18 20:18:10,123.0,194,563,0.0,723,81,14.8,0.0,T,60
600050992309,3757,636d9ce3-d6c1-4bcc-984a-20b82a23c538,2022-07-18 20:18:17,108.986816,34.32352,0,8,1,0,2022-07-18 20:18:11,124.0,194,568,0.0,715,81,14.8,0.0,T,61
600050992309,3757,636d9ce3-d6c1-4bcc-984a-20b82a23c538,2022-07-18 20:18:17,108.986816,34.32352,0,8,1,0,2022-07-18 20:18:12,125.0,194,574,0.0,715,81,14.9,0.0,T,62
600050992309,3757,636d9ce3-d6c1-4bcc-984a-20b82a23c538,2022-07-18 20:18:17,108.986816,34.32352,0,8,1,0,2022-07-18 20:18:13,126.0,194,574,0.0,715,81,14.9,0.0,T,63
600050992309,3757,636d9ce3-d6c1-4bcc-984a-20b82a23c538,2022-07-18 20:18:17,108.986816,34.323524,0,8,1,0,2022-07-18 20:18:14,127.0,194,579,0.0,692,81,14.8,0.0,T,64
600050992309,3757,636d9ce3-d6c1-4bcc-984a-20b82a23c538,2022-07-18 20:18:17,108.986816,34.323524,0,8,1,0,2022-07-18 20:18:15,128.0,194,579,0.0,692,81,14.8,0.0,T,65
600050992309,3757,636d9ce3-d6c1-4bcc-984a-20b82a23c538,2022-07-18 20:18:17,108.986832,34.323524,0,8,1,0,2022-07-18 20:18:16,129.0,195,589,0.0,693,81,14.8,0.0,T,66
600050992309,3757,636d9ce3-d6c1-4bcc-984a-20b82a23c538,2022-07-18 20:18:17,108.986832,34.323524,0,8,1,0,2022-07-18 20:18:17,130.0,195,589,0.0,693,81,14.8,0.0,T,67
600050992309,3757,636d9ce3-d6c1-4bcc-984a-20b82a23c538,2022-07-18 20:18:17,108.986832,34.323524,0,8,1,0,2022-07-18 20:18:18,131.0,195,589,0.0,693,81,14.8,0.0,T,68
600050992309,3757,636d9ce3-d6c1-4bcc-984a-20b82a23c538,2022-07-18 20:18:17,108.986832,34.323524,0,8,1,0,2022-07-18 20:18:19,132.0,195,600,0.0,707,82,14.8,0.0,T,69
600050992309,3757,636d9ce3-d6c1-4bcc-984a-20b82a23c538,2022-07-18 20:18:17,108.986832,34.323524,0,8,1,0,2022-07-18 20:18:20,133.0,195,605,0.0,705,82,14.8,0.0,T,70
600050992309,3757,636d9ce3-d6c1-4bcc-984a-20b82a23c538,2022-07-18 20:18:17,108.986832,34.323524,0,8,1,0,2022-07-18 20:18:21,134.0,195,605,0.0,705,82,14.8,0.0,T,71
600050992309,3757,636d9ce3-d6c1-4bcc-984a-20b82a23c538,2022-07-18 20:18:17,108.986832,34.323524,0,8,1,0,2022-07-18 20:18:22,135.0,195,610,0.0,687,82,14.5,0.0,T,72
600050992309,3757,636d9ce3-d6c1-4bcc-984a-20b82a23c538,2022-07-18 20:18:17,108.986832,34.323524,0,8,1,0,2022-07-18 20:18:23,136.0,195,615,0.0,683,81,14.8,0.0,T,73
600050992309,3757,636d9ce3-d6c1-4bcc-984a-20b82a23c538,2022-07-18 20:18:30,108.986832,34.323512,0,8,1,0,2022-07-18 20:18:24,137.0,195,620,0.0,685,81,14.9,0.0,T,74
600050992309,3757,636d9ce3-d6c1-4bcc-984a-20b82a23c538,2022-07-18 20:18:30,108.986832,34.323512,0,8,1,0,2022-07-18 20:18:25,138.0,195,620,0.0,685,81,14.9,0.0,T,75
600050992309,3757,636d9ce3-d6c1-4bcc-984a-20b82a23c538,2022-07-18 20:18:30,108.986832,34.323508,0,8,1,0,2022-07-18 20:18:26,139.0,195,625,0.0,689,82,14.9,0.0,T,76
600050992309,3757,636d9ce3-d6c1-4bcc-984a-20b82a23c538,2022-07-18 20:18:30,108.986832,34.323508,0,8,1,0,2022-07-18 20:18:27,140.0,195,625,0.0,689,82,14.9,0.0,T,77
600050992309,3757,636d9ce3-d6c1-4bcc-984a-20b82a23c538,2022-07-18 20:18:30,108.986832,34.323508,0,8,1,0,2022-07-18 20:18:28,141.0,195,625,0.0,689,82,14.9,0.0,T,78
600050992309,3757,636d9ce3-d6c1-4bcc-984a-20b82a23c538,2022-07-18 20:18:30,108.986832,34.323508,0,8,1,0,2022-07-18 20:18:29,142.0,195,625,0.0,689,82,14.9,0.0,T,79
600050992309,3757,636d9ce3-d6c1-4bcc-984a-20b82a23c538,2022-07-18 20:18:30,108.986832,34.323504,0,8,1,0,2022-07-18 20:18:30,143.0,196,641,0.0,727,83,14.8,0.5555555555555556,T,80
600050992309,3757,636d9ce3-d6c1-4bcc-984a-20b82a23c538,2022-07-18 20:18:30,108.986832,34.3235,0,8,1,1,2022-07-18 20:18:31,144.0,198,646,0.0,699,83,14.9,0.2777777777777777,T,81
600050992309,3757,636d9ce3-d6c1-4bcc-984a-20b82a23c538,2022-07-18 20:18:30,108.986848,34.323504,93,8,1,3,2022-07-18 20:18:32,145.0,199,652,0.0,734,83,14.9,0.1388888888888889,T,82
600050992309,3757,636d9ce3-d6c1-4bcc-984a-20b82a23c538,2022-07-18 20:18:30,108.986848,34.323504,93,8,1,3,2022-07-18 20:18:33,146.0,199,652,0.0,734,83,14.9,0.1388888888888889,T,83
600050992309,3757,636d9ce3-d6c1-4bcc-984a-20b82a23c538,2022-07-18 20:18:30,108.986888,34.323496,100,8,1,4,2022-07-18 20:18:34,147.0,202,658,0.0,844,83,14.9,0.5555555555555556,T,84
600050992309,3757,636d9ce3-d6c1-4bcc-984a-20b82a23c538,2022-07-18 20:18:30,108.986912,34.323496,99,8,1,7,2022-07-18 20:18:35,148.0,205,666,0.0,1068,82,15.0,0.8333333333333335,T,85
600050992309,3757,636d9ce3-d6c1-4bcc-984a-20b82a23c538,2022-07-18 20:18:30,108.986928,34.323488,105,8,1,8,2022-07-18 20:18:36,149.0,209,677,6.835083114610675,1360,83,14.9,0.4166666666666667,F,86
600050992309,3757,636d9ce3-d6c1-4bcc-984a-20b82a23c538,2022-07-18 20:18:30,108.986928,34.323488,105,8,1,8,2022-07-18 20:18:37,150.0,209,677,6.835083114610675,1360,83,14.9,0.4166666666666667,F,87
600050992309,3757,636d9ce3-d6c1-4bcc-984a-20b82a23c538,2022-07-18 20:18:44,108.986992,34.323472,108,8,1,11,2022-07-18 20:18:38,151.0,214,690,8.699196691322676,1705,83,14.8,1.3888888888888884,F,88
600050992309,3757,636d9ce3-d6c1-4bcc-984a-20b82a23c538,2022-07-18 20:18:44,108.987048,34.323476,100,8,1,16,2022-07-18 20:18:39,152.0,221,702,11.806052652509345,1499,84,14.8,0.8333333333333339,F,89
600050992309,3757,636d9ce3-d6c1-4bcc-984a-20b82a23c538,2022-07-18 20:18:44,108.987104,34.32348,94,8,1,18,2022-07-18 20:18:40,153.0,229,718,13.67016622922135,1751,84,14.8,0.4166666666666665,F,90
600050992309,3757,636d9ce3-d6c1-4bcc-984a-20b82a23c538,2022-07-18 20:18:44,108.987104,34.32348,94,8,1,18,2022-07-18 20:18:41,154.0,229,718,13.67016622922135,1751,84,14.8,0.4166666666666665,F,91
600050992309,3757,636d9ce3-d6c1-4bcc-984a-20b82a23c538,2022-07-18 20:18:44,108.98724,34.3235,85,8,1,22,2022-07-18 20:18:42,155.0,238,727,15.534279805933348,1337,84,14.8,0.2777777777777777,F,92
600050992309,3757,636d9ce3-d6c1-4bcc-984a-20b82a23c538,2022-07-18 20:18:44,108.98732,34.323492,86,7,1,24,2022-07-18 20:18:43,156.0,248,735,16.15565099817068,1414,84,14.8,0.2777777777777777,F,93
600050992309,3757,636d9ce3-d6c1-4bcc-984a-20b82a23c538,2022-07-18 20:18:44,108.9874,34.323492,88,7,1,26,2022-07-18 20:18:44,157.0,258,742,16.777022190408015,1467,84,14.8,0.0,F,94
600050992309,3757,636d9ce3-d6c1-4bcc-984a-20b82a23c538,2022-07-18 20:18:44,108.9874,34.323492,88,7,1,26,2022-07-18 20:18:45,158.0,258,742,16.777022190408015,1467,84,14.8,0.0,F,95
600050992309,3757,636d9ce3-d6c1-4bcc-984a-20b82a23c538,2022-07-18 20:18:44,108.987568,34.323488,89,5,1,27,2022-07-18 20:18:46,159.0,268,746,16.777022190408015,1457,84,14.9,0.0,F,96
600050992309,3757,636d9ce3-d6c1-4bcc-984a-20b82a23c538,2022-07-18 20:18:44,108.987648,34.323488,89,5,1,27,2022-07-18 20:18:47,160.0,278,753,16.777022190408015,1547,84,14.8,-0.2777777777777777,F,97
600050992309,3757,636d9ce3-d6c1-4bcc-984a-20b82a23c538,2022-07-18 20:18:44,108.987728,34.323488,89,5,1,26,2022-07-18 20:18:48,161.0,288,757,16.15565099817068,1395,84,14.9,-0.2777777777777777,F,98
600050992309,3757,636d9ce3-d6c1-4bcc-984a-20b82a23c538,2022-07-18 20:18:44,108.987728,34.323488,89,5,1,26,2022-07-18 20:18:49,162.0,288,757,16.15565099817068,1395,84,14.9,-0.2777777777777777,F,99
600050992309,3757,636d9ce3-d6c1-4bcc-984a-20b82a23c538,2022-07-18 20:18:44,108.98788,34.323488,89,5,1,24,2022-07-18 20:18:50,163.0,296,762,14.912908613696015,1324,85,14.9,-0.2777777777777777,F,100
600050992309,3757,636d9ce3-d6c1-4bcc-984a-20b82a23c538,2022-07-18 20:18:57,108.987936,34.323504,86,6,1,23,2022-07-18 20:18:51,164.0,305,767,14.291537421458683,1281,86,14.9,0.0,F,101
600050992309,3757,636d9ce3-d6c1-4bcc-984a-20b82a23c538,2022-07-18 20:18:57,108.987936,34.323504,86,6,1,23,2022-07-18 20:18:52,165.0,305,767,14.291537421458683,1281,86,14.9,0.0,F,102
600050992309,3757,636d9ce3-d6c1-4bcc-984a-20b82a23c538,2022-07-18 20:18:57,108.98808,34.323504,86,6,1,23,2022-07-18 20:18:53,166.0,314,773,14.291537421458683,1277,86,14.9,0.0,F,103
600050992309,3757,636d9ce3-d6c1-4bcc-984a-20b82a23c538,2022-07-18 20:18:57,108.988152,34.323492,89,6,1,22,2022-07-18 20:18:54,167.0,322,776,14.291537421458683,1148,86,14.9,-0.5555555555555554,F,104
600050992309,3757,636d9ce3-d6c1-4bcc-984a-20b82a23c538,2022-07-18 20:18:57,108.988216,34.323492,89,7,1,21,2022-07-18 20:18:55,168.0,330,782,13.048795036984014,1199,87,14.9,0.1388888888888888,F,105
600050992309,3757,636d9ce3-d6c1-4bcc-984a-20b82a23c538,2022-07-18 20:18:57,108.988216,34.323492,89,7,1,21,2022-07-18 20:18:56,169.0,330,782,13.048795036984014,1199,87,14.9,0.1388888888888888,F,106
600050992309,3757,636d9ce3-d6c1-4bcc-984a-20b82a23c538,2022-07-18 20:18:57,108.988368,34.323504,89,6,1,22,2022-07-18 20:18:57,170.0,338,794,13.67016622922135,1185,87,14.9,0.5555555555555554,F,107
600050992309,3757,636d9ce3-d6c1-4bcc-984a-20b82a23c538,2022-07-18 20:18:57,108.988424,34.323504,89,6,1,24,2022-07-18 20:18:58,171.0,347,803,14.912908613696015,1292,87,14.9,0.0,F,108
600050992309,3757,636d9ce3-d6c1-4bcc-984a-20b82a23c538,2022-07-18 20:18:57,108.988512,34.323504,92,6,1,24,2022-07-18 20:18:59,172.0,356,807,14.912908613696015,1224,87,14.9,-0.5555555555555554,F,109
600050992309,3757,636d9ce3-d6c1-4bcc-984a-20b82a23c538,2022-07-18 20:18:57,108.988568,34.323492,96,6,1,22,2022-07-18 20:19:00,173.0,364,811,13.67016622922135,1134,87,14.9,-0.1388888888888888,F,110
600050992309,3757,636d9ce3-d6c1-4bcc-984a-20b82a23c538,2022-07-18 20:18:57,108.988568,34.323492,96,6,1,22,2022-07-18 20:19:01,174.0,364,811,13.67016622922135,1134,87,14.9,-0.1388888888888888,F,111
600050992309,3757,636d9ce3-d6c1-4bcc-984a-20b82a23c538,2022-07-18 20:18:57,108.988704,34.32346,106,6,1,23,2022-07-18 20:19:02,175.0,372,825,13.048795036984014,1172,87,14.9,0.833333333333333,F,112
600050992309,3757,636d9ce3-d6c1-4bcc-984a-20b82a23c538,2022-07-18 20:18:57,108.988784,34.323452,103,6,1,24,2022-07-18 20:19:03,176.0,380,844,14.912908613696015,1291,87,14.9,0.833333333333333,F,113
600050992309,3757,636d9ce3-d6c1-4bcc-984a-20b82a23c538,2022-07-18 20:19:11,108.988872,34.323464,96,6,1,26,2022-07-18 20:19:04,177.0,390,852,16.777022190408015,1432,87,14.9,0.0,F,114
600050992309,3757,636d9ce3-d6c1-4bcc-984a-20b82a23c538,2022-07-18 20:19:11,108.988872,34.323464,96,6,1,26,2022-07-18 20:19:05,178.0,390,852,16.777022190408015,1432,87,14.9,0.0,F,115
600050992309,3757,636d9ce3-d6c1-4bcc-984a-20b82a23c538,2022-07-18 20:19:11,108.989032,34.32348,91,6,1,27,2022-07-18 20:19:06,179.0,400,859,16.777022190408015,1444,87,14.8,-0.2777777777777777,F,116
600050992309,3757,636d9ce3-d6c1-4bcc-984a-20b82a23c538,2022-07-18 20:19:11,108.989128,34.323492,88,6,1,27,2022-07-18 20:19:07,180.0,410,864,16.15565099817068,1424,87,14.8,0.1388888888888888,F,117
600050992309,3757,636d9ce3-d6c1-4bcc-984a-20b82a23c538,2022-07-18 20:19:11,108.989128,34.323492,88,6,1,27,2022-07-18 20:19:08,181.0,410,864,16.15565099817068,1424,87,14.8,0.1388888888888888,F,118
600050992309,3757,636d9ce3-d6c1-4bcc-984a-20b82a23c538,2022-07-18 20:19:11,108.989272,34.323508,87,6,1,27,2022-07-18 20:19:09,182.0,423,878,16.777022190408015,1464,87,14.8,0.2777777777777785,F,119
600050992309,3757,636d9ce3-d6c1-4bcc-984a-20b82a23c538,2022-07-18 20:19:11,108.98936,34.323504,89,6,1,28,2022-07-18 20:19:10,183.0,433,887,17.398393382645352,1534,87,14.8,0.5555555555555554,F,120
600050992309,3757,636d9ce3-d6c1-4bcc-984a-20b82a23c538,2022-07-18 20:19:11,108.989456,34.323504,90,6,1,29,2022-07-18 20:19:11,184.0,444,897,18.64113576712002,1395,87,14.8,0.1388888888888884,F,121
600050992309,3757,636d9ce3-d6c1-4bcc-984a-20b82a23c538,2022-07-18 20:19:11,108.989456,34.323504,90,6,1,29,2022-07-18 20:19:12,185.0,444,897,18.64113576712002,1395,87,14.8,0.1388888888888884,F,122
600050992309,3757,636d9ce3-d6c1-4bcc-984a-20b82a23c538,2022-07-18 20:19:11,108.989632,34.323496,91,6,1,30,2022-07-18 20:19:13,186.0,456,901,19.262506959357353,1319,88,14.9,-0.2777777777777768,F,123
600050992309,3757,636d9ce3-d6c1-4bcc-984a-20b82a23c538,2022-07-18 20:19:11,108.989712,34.323492,91,6,1,29,2022-07-18 20:19:14,187.0,467,906,18.64113576712002,1257,88,14.8,-0.8333333333333339,F,124
600050992309,3757,636d9ce3-d6c1-4bcc-984a-20b82a23c538,2022-07-18 20:19:11,108.989816,34.323492,90,6,1,27,2022-07-18 20:19:15,188.0,477,910,16.777022190408015,1149,88,15.0,-0.5555555555555554,F,125
600050992309,3757,636d9ce3-d6c1-4bcc-984a-20b82a23c538,2022-07-18 20:19:11,108.989816,34.323492,90,6,1,27,2022-07-18 20:19:16,189.0,477,910,16.777022190408015,1149,88,15.0,-0.5555555555555554,F,126
600050992309,3757,636d9ce3-d6c1-4bcc-984a-20b82a23c538,2022-07-18 20:19:11,108.98992,34.323448,100,7,1,20,2022-07-18 20:19:17,190.0,485,914,14.291537421458683,1182,89,14.9,-1.666666666666667,F,127
600050992309,3757,636d9ce3-d6c1-4bcc-984a-20b82a23c538,2022-07-18 20:19:24,108.989992,34.323432,104,7,1,17,2022-07-18 20:19:18,191.0,492,918,10.563310268034677,1041,88,15.0,-0.9722222222222224,F,128
600050992309,3757,636d9ce3-d6c1-4bcc-984a-20b82a23c538,2022-07-18 20:19:24,108.989992,34.323432,104,7,1,17,2022-07-18 20:19:19,192.0,492,918,10.563310268034677,1041,88,15.0,-0.9722222222222224,F,129
600050992309,3757,636d9ce3-d6c1-4bcc-984a-20b82a23c538,2022-07-18 20:19:24,108.990056,34.323412,102,7,1,9,2022-07-18 20:19:20,193.0,495,923,6.2137119223733395,866,89,14.9,-0.833333333333333,F,130
600050992309,3757,636d9ce3-d6c1-4bcc-984a-20b82a23c538,2022-07-18 20:19:24,108.990072,34.323408,104,7,1,6,2022-07-18 20:19:21,194.0,498,928,4.349598345661339,757,89,13.9,-0.5555555555555558,F,131
600050992309,3757,636d9ce3-d6c1-4bcc-984a-20b82a23c538,2022-07-18 20:19:24,108.990104,34.323404,0,6,1,5,2022-07-18 20:19:22,195.0,500,932,3.1068559611866697,722,90,14.6,0.5555555555555558,F,132
600050992309,3757,636d9ce3-d6c1-4bcc-984a-20b82a23c538,2022-07-18 20:19:24,108.99012,34.3234,0,6,1,5,2022-07-18 20:19:23,196.0,502,941,4.349598345661339,889,90,14.8,0.2777777777777777,F,133
600050992309,3757,636d9ce3-d6c1-4bcc-984a-20b82a23c538,2022-07-18 20:19:24,108.99012,34.3234,0,6,1,5,2022-07-18 20:19:24,197.0,502,941,4.349598345661339,889,90,14.8,0.2777777777777777,F,134
600050992309,3757,636d9ce3-d6c1-4bcc-984a-20b82a23c538,2022-07-18 20:19:24,108.990192,34.3234,101,6,1,8,2022-07-18 20:19:25,198.0,506,945,5.592340730136005,991,90,14.3,0.2777777777777777,F,135
600050992309,3757,636d9ce3-d6c1-4bcc-984a-20b82a23c538,2022-07-18 20:19:24,108.990216,34.323404,99,6,1,10,2022-07-18 20:19:26,199.0,509,951,6.2137119223733395,958,91,14.8,0.2777777777777779,F,136
600050992309,3757,636d9ce3-d6c1-4bcc-984a-20b82a23c538,2022-07-18 20:19:24,108.990216,34.323404,99,6,1,10,2022-07-18 20:19:27,200.0,509,951,6.2137119223733395,958,91,14.8,0.2777777777777779,F,137
600050992309,3757,636d9ce3-d6c1-4bcc-984a-20b82a23c538,2022-07-18 20:19:24,108.99028,34.323384,102,7,1,11,2022-07-18 20:19:28,201.0,514,956,7.456454306848007,1000,91,14.8,0.0,F,138
600050992309,3757,636d9ce3-d6c1-4bcc-984a-20b82a23c538,2022-07-18 20:19:24,108.99032,34.32338,103,7,1,11,2022-07-18 20:19:29,202.0,518,960,7.456454306848007,1021,91,14.6,-0.8333333333333335,F,139
600050992309,3757,636d9ce3-d6c1-4bcc-984a-20b82a23c538,2022-07-18 20:19:24,108.990352,34.323372,108,7,1,9,2022-07-18 20:19:30,203.0,522,964,5.592340730136005,879,90,14.9,0.0,F,140
600050992309,3757,636d9ce3-d6c1-4bcc-984a-20b82a23c538,2022-07-18 20:19:37,108.990376,34.323364,114,7,1,9,2022-07-18 20:19:31,204.0,525,969,5.592340730136005,831,90,14.6,0.1388888888888888,F,141
600050992309,3757,636d9ce3-d6c1-4bcc-984a-20b82a23c538,2022-07-18 20:19:37,108.990376,34.323364,114,7,1,9,2022-07-18 20:19:32,205.0,525,969,5.592340730136005,831,90,14.6,0.1388888888888888,F,142
600050992309,3757,636d9ce3-d6c1-4bcc-984a-20b82a23c538,2022-07-18 20:19:37,108.990432,34.32334,125,7,1,9,2022-07-18 20:19:33,206.0,529,974,6.2137119223733395,857,90,14.4,-1.6666666666666663,F,143
600050992309,3757,636d9ce3-d6c1-4bcc-984a-20b82a23c538,2022-07-18 20:19:37,108.990432,34.323336,130,7,1,6,2022-07-18 20:19:34,207.0,530,980,2.485484768949336,726,90,14.9,-0.8333333333333334,F,144
600050992309,3757,636d9ce3-d6c1-4bcc-984a-20b82a23c538,2022-07-18 20:19:37,108.990432,34.323336,130,7,1,6,2022-07-18 20:19:35,208.0,530,980,2.485484768949336,726,90,14.9,-0.8333333333333334,F,145
600050992309,3757,636d9ce3-d6c1-4bcc-984a-20b82a23c538,2022-07-18 20:19:37,108.990432,34.323336,130,7,1,6,2022-07-18 20:19:36,209.0,530,980,2.485484768949336,726,90,14.9,-0.8333333333333334,F,146
600060528799,2970,5d6c2d3e-6007-4132-8c7a-fd02e58fb004,2022-11-15 18:21:21,108.9918,34.377964,0,7,1,1,2022-11-15 18:21:19,3118.0,20947,16148,0.0,835,90,13.4,-0.2777777777777778,T,147
600060528799,2970,5d6c2d3e-6007-4132-8c7a-fd02e58fb004,2022-11-15 18:21:21,108.9918,34.377964,0,7,1,1,2022-11-15 18:21:20,3119.0,20947,16148,0.0,835,90,13.4,-0.2777777777777778,T,148
600060528799,2970,5d6c2d3e-6007-4132-8c7a-fd02e58fb004,2022-11-15 18:21:21,108.9918,34.377968,0,7,1,0,2022-11-15 18:21:21,3120.0,20947,16152,0.0,800,90,13.3,0.0,T,149
600060528799,2970,5d6c2d3e-6007-4132-8c7a-fd02e58fb004,2022-11-15 18:21:21,108.9918,34.377968,0,6,1,0,2022-11-15 18:21:22,3121.0,20947,16154,0.0,784,90,13.4,0.0,T,150
600060528799,2970,5d6c2d3e-6007-4132-8c7a-fd02e58fb004,2022-11-15 18:21:21,108.9918,34.377968,0,6,1,0,2022-11-15 18:21:23,3122.0,20947,16154,0.0,784,90,13.4,0.0,T,151
600060528799,2970,5d6c2d3e-6007-4132-8c7a-fd02e58fb004,2022-11-15 18:21:21,108.9918,34.377968,0,6,1,0,2022-11-15 18:21:24,3123.0,20947,16160,0.0,833,90,13.8,0.0,T,152
600060528799,2970,5d6c2d3e-6007-4132-8c7a-fd02e58fb004,2022-11-15 18:21:21,108.9918,34.377968,0,6,1,0,2022-11-15 18:21:25,3124.0,20947,16160,0.0,833,90,13.8,0.0,T,153
600060528799,2970,5d6c2d3e-6007-4132-8c7a-fd02e58fb004,2022-11-15 18:21:21,108.9918,34.377968,0,6,1,0,2022-11-15 18:21:26,3125.0,20947,16168,0.0,844,90,13.8,0.0,T,154
600060528799,2970,5d6c2d3e-6007-4132-8c7a-fd02e58fb004,2022-11-15 18:21:37,108.9918,34.377968,0,6,1,0,2022-11-15 18:21:27,3126.0,20947,16174,0.0,817,90,13.8,0.0,T,155
600060528799,2970,5d6c2d3e-6007-4132-8c7a-fd02e58fb004,2022-11-15 18:21:37,108.9918,34.377968,0,6,1,0,2022-11-15 18:21:28,3127.0,20947,16174,0.0,817,90,13.8,0.0,T,156
600060528799,2970,5d6c2d3e-6007-4132-8c7a-fd02e58fb004,2022-11-15 18:21:37,108.9918,34.377968,0,7,1,0,2022-11-15 18:21:29,3128.0,20947,16179,0.0,779,90,13.8,0.0,T,157
600060528799,2970,5d6c2d3e-6007-4132-8c7a-fd02e58fb004,2022-11-15 18:21:37,108.9918,34.377968,0,7,1,0,2022-11-15 18:21:30,3129.0,20947,16179,0.0,779,90,13.8,0.0,T,158
600060528799,2970,5d6c2d3e-6007-4132-8c7a-fd02e58fb004,2022-11-15 18:21:37,108.9918,34.377968,0,7,1,0,2022-11-15 18:21:31,3130.0,20947,16185,0.0,784,91,13.8,0.0,T,159
600060528799,2970,5d6c2d3e-6007-4132-8c7a-fd02e58fb004,2022-11-15 18:21:37,108.9918,34.377972,0,7,1,0,2022-11-15 18:21:32,3131.0,20947,16190,0.0,784,91,13.7,0.0,T,160
600060528799,2970,5d6c2d3e-6007-4132-8c7a-fd02e58fb004,2022-11-15 18:21:37,108.9918,34.377972,0,7,1,0,2022-11-15 18:21:33,3132.0,20947,16190,0.0,784,91,13.7,0.0,T,161
600060528799,2970,5d6c2d3e-6007-4132-8c7a-fd02e58fb004,2022-11-15 18:21:37,108.9918,34.377968,0,7,1,0,2022-11-15 18:21:34,3133.0,20947,16198,0.0,806,91,13.8,0.0,T,162
600060528799,2970,5d6c2d3e-6007-4132-8c7a-fd02e58fb004,2022-11-15 18:21:37,108.9918,34.377968,0,7,1,0,2022-11-15 18:21:35,3134.0,20947,16208,0.0,836,91,13.8,0.0,T,163
600060528799,2970,5d6c2d3e-6007-4132-8c7a-fd02e58fb004,2022-11-15 18:21:37,108.9918,34.377968,0,7,1,0,2022-11-15 18:21:36,3135.0,20947,16208,0.0,836,91,13.8,0.0,T,164
600060528799,2970,5d6c2d3e-6007-4132-8c7a-fd02e58fb004,2022-11-15 18:21:37,108.9918,34.377964,0,7,1,0,2022-11-15 18:21:37,3136.0,20947,16216,0.0,870,91,13.8,0.0,T,165
600060528799,2970,5d6c2d3e-6007-4132-8c7a-fd02e58fb004,2022-11-15 18:21:37,108.9918,34.377964,0,7,1,0,2022-11-15 18:21:38,3137.0,20947,16224,0.0,858,91,13.9,0.0,T,166
600060528799,2970,5d6c2d3e-6007-4132-8c7a-fd02e58fb004,2022-11-15 18:21:37,108.9918,34.377964,0,7,1,0,2022-11-15 18:21:39,3138.0,20947,16224,0.0,858,91,13.9,0.0,T,167
600060528799,2970,5d6c2d3e-6007-4132-8c7a-fd02e58fb004,2022-11-15 18:21:37,108.9918,34.377964,0,7,1,0,2022-11-15 18:21:40,3139.0,20947,16233,0.0,852,91,13.9,0.0,T,168
600060528799,2970,5d6c2d3e-6007-4132-8c7a-fd02e58fb004,2022-11-15 18:21:37,108.9918,34.377964,0,7,1,0,2022-11-15 18:21:41,3140.0,20947,16233,0.0,852,91,13.9,0.0,T,169
600060528799,2970,5d6c2d3e-6007-4132-8c7a-fd02e58fb004,2022-11-15 18:21:37,108.9918,34.377964,0,7,1,0,2022-11-15 18:21:42,3141.0,20947,16241,0.0,864,91,13.9,0.0,T,170
600060528799,2970,5d6c2d3e-6007-4132-8c7a-fd02e58fb004,2022-11-15 18:21:53,108.9918,34.377964,0,7,1,0,2022-11-15 18:21:43,3142.0,20947,16250,0.0,848,91,13.9,0.0,T,171
600060528799,2970,5d6c2d3e-6007-4132-8c7a-fd02e58fb004,2022-11-15 18:21:53,108.9918,34.377964,0,7,1,0,2022-11-15 18:21:44,3143.0,20947,16250,0.0,848,91,13.9,0.0,T,172
600060528799,2970,5d6c2d3e-6007-4132-8c7a-fd02e58fb004,2022-11-15 18:21:53,108.9918,34.377956,0,7,1,0,2022-11-15 18:21:45,3144.0,20947,16260,0.0,861,91,14.0,0.0,T,173
600060528799,2970,5d6c2d3e-6007-4132-8c7a-fd02e58fb004,2022-11-15 18:21:53,108.9918,34.377956,0,7,1,0,2022-11-15 18:21:46,3145.0,20947,16260,0.0,861,91,14.0,0.0,T,174
600060528799,2970,5d6c2d3e-6007-4132-8c7a-fd02e58fb004,2022-11-15 18:21:53,108.9918,34.377956,0,7,1,0,2022-11-15 18:21:47,3146.0,20947,16267,0.0,870,91,14.0,0.0,T,175
600060528799,2970,5d6c2d3e-6007-4132-8c7a-fd02e58fb004,2022-11-15 18:21:53,108.9918,34.377956,0,7,1,0,2022-11-15 18:21:48,3147.0,20947,16273,0.0,822,91,14.0,0.0,T,176
600060528799,2970,5d6c2d3e-6007-4132-8c7a-fd02e58fb004,2022-11-15 18:21:53,108.9918,34.377956,0,7,1,0,2022-11-15 18:21:49,3148.0,20947,16273,0.0,822,91,14.0,0.0,T,177
600060528799,2970,5d6c2d3e-6007-4132-8c7a-fd02e58fb004,2022-11-15 18:21:53,108.9918,34.377956,0,7,1,0,2022-11-15 18:21:50,3149.0,20947,16277,0.0,842,91,13.6,0.0,T,178
600060528799,2970,5d6c2d3e-6007-4132-8c7a-fd02e58fb004,2022-11-15 18:21:53,108.9918,34.377956,0,7,1,0,2022-11-15 18:21:51,3150.0,20947,16277,0.0,842,91,13.6,0.0,T,179
600060528799,2970,5d6c2d3e-6007-4132-8c7a-fd02e58fb004,2022-11-15 18:21:53,108.9918,34.377956,0,7,1,0,2022-11-15 18:21:52,3151.0,20947,16280,0.0,784,91,13.6,0.0,T,180
600060528799,2970,5d6c2d3e-6007-4132-8c7a-fd02e58fb004,2022-11-15 18:21:53,108.9918,34.377956,0,7,1,0,2022-11-15 18:21:53,3152.0,20947,16283,0.0,785,91,13.5,0.0,T,181
600060528799,2970,5d6c2d3e-6007-4132-8c7a-fd02e58fb004,2022-11-15 18:21:53,108.9918,34.377956,0,7,1,0,2022-11-15 18:21:54,3153.0,20947,16283,0.0,785,91,13.5,0.0,T,182
600060528799,2970,5d6c2d3e-6007-4132-8c7a-fd02e58fb004,2022-11-15 18:21:53,108.9918,34.377956,0,7,1,0,2022-11-15 18:21:55,3154.0,20947,16287,0.0,785,91,13.6,0.0,T,183
600060528799,2970,5d6c2d3e-6007-4132-8c7a-fd02e58fb004,2022-11-15 18:21:53,108.9918,34.377956,0,7,1,0,2022-11-15 18:21:56,3155.0,20947,16290,0.0,793,91,13.6,0.0,T,184
600060528799,2970,5d6c2d3e-6007-4132-8c7a-fd02e58fb004,2022-11-15 18:21:53,108.9918,34.377956,0,7,1,0,2022-11-15 18:21:57,3156.0,20947,16290,0.0,793,91,13.6,0.0,T,185
600060528799,2970,5d6c2d3e-6007-4132-8c7a-fd02e58fb004,2022-11-15 18:21:53,108.9918,34.377956,0,7,1,0,2022-11-15 18:21:58,3157.0,20947,16292,0.0,792,91,13.5,0.0,T,186
600060528799,2970,5d6c2d3e-6007-4132-8c7a-fd02e58fb004,2022-11-15 18:22:09,108.9918,34.377956,0,7,1,0,2022-11-15 18:21:59,3158.0,20947,16296,0.0,803,91,13.5,0.0,T,187
600060528799,2970,5d6c2d3e-6007-4132-8c7a-fd02e58fb004,2022-11-15 18:22:09,108.9918,34.377956,0,7,1,0,2022-11-15 18:22:00,3159.0,20947,16296,0.0,803,91,13.5,0.0,T,188
600060528799,2970,5d6c2d3e-6007-4132-8c7a-fd02e58fb004,2022-11-15 18:22:09,108.9918,34.377956,0,7,1,0,2022-11-15 18:22:01,3160.0,20947,16299,0.0,795,91,13.6,0.0,T,189
600060528799,2970,5d6c2d3e-6007-4132-8c7a-fd02e58fb004,2022-11-15 18:22:09,108.9918,34.377956,0,7,1,0,2022-11-15 18:22:02,3161.0,20947,16299,0.0,795,91,13.6,0.0,T,190
600060528799,2970,5d6c2d3e-6007-4132-8c7a-fd02e58fb004,2022-11-15 18:22:09,108.9918,34.377956,0,8,1,0,2022-11-15 18:22:03,3162.0,20947,16302,0.0,791,91,13.5,0.0,T,191
600060528799,2970,5d6c2d3e-6007-4132-8c7a-fd02e58fb004,2022-11-15 18:22:09,108.9918,34.377956,0,8,1,0,2022-11-15 18:22:04,3163.0,20947,16305,0.0,799,91,13.5,0.0,T,192
600060528799,2970,5d6c2d3e-6007-4132-8c7a-fd02e58fb004,2022-11-15 18:22:09,108.9918,34.377956,0,8,1,0,2022-11-15 18:22:05,3164.0,20947,16305,0.0,799,91,13.5,0.0,T,193
600060528799,2970,5d6c2d3e-6007-4132-8c7a-fd02e58fb004,2022-11-15 18:22:09,108.9918,34.377956,0,7,1,0,2022-11-15 18:22:06,3165.0,20947,16308,0.0,793,90,13.5,0.0,T,194
600060528799,2970,5d6c2d3e-6007-4132-8c7a-fd02e58fb004,2022-11-15 18:22:09,108.9918,34.377956,0,7,1,0,2022-11-15 18:22:07,3166.0,20947,16308,0.0,793,90,13.5,0.0,T,195
600060528799,2970,5d6c2d3e-6007-4132-8c7a-fd02e58fb004,2022-11-15 18:22:09,108.9918,34.377956,0,8,1,0,2022-11-15 18:22:08,3167.0,20947,16311,0.0,801,90,13.6,0.0,T,196
600060528799,2970,5d6c2d3e-6007-4132-8c7a-fd02e58fb004,2022-11-15 18:22:09,108.9918,34.377956,0,8,1,0,2022-11-15 18:22:09,3168.0,20947,16314,0.0,799,90,13.5,0.0,T,197
600060528799,2970,5d6c2d3e-6007-4132-8c7a-fd02e58fb004,2022-11-15 18:22:09,108.9918,34.377956,0,8,1,0,2022-11-15 18:22:10,3169.0,20947,16314,0.0,799,90,13.5,0.0,T,198
600060528799,2970,5d6c2d3e-6007-4132-8c7a-fd02e58fb004,2022-11-15 18:22:09,108.9918,34.377956,0,8,1,0,2022-11-15 18:22:11,3170.0,20947,16318,0.0,800,90,13.5,0.0,T,199
600060528799,2970,5d6c2d3e-6007-4132-8c7a-fd02e58fb004,2022-11-15 18:22:09,108.9918,34.377956,0,8,1,0,2022-11-15 18:22:12,3171.0,20947,16318,0.0,800,90,13.5,0.0,T,200
600060528799,2970,5d6c2d3e-6007-4132-8c7a-fd02e58fb004,2022-11-15 18:22:09,108.9918,34.377956,0,9,1,0,2022-11-15 18:22:13,3172.0,20947,16321,0.0,800,90,13.5,0.0,T,201
600060528799,2970,5d6c2d3e-6007-4132-8c7a-fd02e58fb004,2022-11-15 18:22:09,108.9918,34.377956,0,9,1,0,2022-11-15 18:22:14,3173.0,20947,16324,0.0,792,90,13.5,0.0,T,202
600060528799,2970,5d6c2d3e-6007-4132-8c7a-fd02e58fb004,2022-11-15 18:22:09,108.9918,34.377956,0,9,1,0,2022-11-15 18:22:15,3174.0,20947,16324,0.0,792,90,13.5,0.0,T,203
600060528799,2970,5d6c2d3e-6007-4132-8c7a-fd02e58fb004,2022-11-15 18:22:26,108.9918,34.377956,0,8,1,0,2022-11-15 18:22:16,3175.0,20947,16328,0.0,797,90,13.5,0.0,T,204
600060528799,2970,5d6c2d3e-6007-4132-8c7a-fd02e58fb004,2022-11-15 18:22:26,108.9918,34.377956,0,8,1,0,2022-11-15 18:22:17,3176.0,20947,16331,0.0,796,90,13.5,0.0,T,205
600060528799,2970,5d6c2d3e-6007-4132-8c7a-fd02e58fb004,2022-11-15 18:22:26,108.9918,34.377956,0,8,1,0,2022-11-15 18:22:18,3177.0,20947,16331,0.0,796,90,13.5,0.0,T,206
600060528799,2970,5d6c2d3e-6007-4132-8c7a-fd02e58fb004,2022-11-15 18:22:26,108.9918,34.377956,0,8,1,0,2022-11-15 18:22:19,3178.0,20947,16334,0.0,801,90,13.5,0.0,T,207
600060528799,2970,5d6c2d3e-6007-4132-8c7a-fd02e58fb004,2022-11-15 18:22:26,108.9918,34.377956,0,8,1,0,2022-11-15 18:22:20,3179.0,20947,16334,0.0,801,90,13.5,0.0,T,208
600060528799,2970,5d6c2d3e-6007-4132-8c7a-fd02e58fb004,2022-11-15 18:22:26,108.9918,34.377956,0,8,1,0,2022-11-15 18:22:21,3180.0,20947,16338,0.0,795,90,13.5,0.0,T,209
600060528799,2970,5d6c2d3e-6007-4132-8c7a-fd02e58fb004,2022-11-15 18:22:26,108.9918,34.377956,0,8,1,0,2022-11-15 18:22:22,3181.0,20947,16341,0.0,804,90,13.4,0.0,T,210
600060528799,2970,5d6c2d3e-6007-4132-8c7a-fd02e58fb004,2022-11-15 18:22:26,108.9918,34.377956,0,8,1,0,2022-11-15 18:22:23,3182.0,20947,16341,0.0,804,90,13.4,0.0,T,211
600060528799,2970,5d6c2d3e-6007-4132-8c7a-fd02e58fb004,2022-11-15 18:22:26,108.9918,34.377956,0,8,1,0,2022-11-15 18:22:24,3183.0,20947,16344,0.0,801,90,13.4,0.0,T,212
600060528799,2970,5d6c2d3e-6007-4132-8c7a-fd02e58fb004,2022-11-15 18:22:26,108.9918,34.377956,0,8,1,0,2022-11-15 18:22:25,3184.0,20947,16344,0.0,801,90,13.4,0.0,T,213
600060528799,2970,5d6c2d3e-6007-4132-8c7a-fd02e58fb004,2022-11-15 18:22:26,108.9918,34.377956,0,8,1,0,2022-11-15 18:22:26,3185.0,20947,16348,0.0,809,90,13.4,0.2777777777777778,T,214
600060528799,2970,5d6c2d3e-6007-4132-8c7a-fd02e58fb004,2022-11-15 18:22:26,108.9918,34.377964,0,8,1,0,2022-11-15 18:22:27,3186.0,20948,16357,0.0,1091,90,13.3,0.5555555555555556,T,215
600060528799,2970,5d6c2d3e-6007-4132-8c7a-fd02e58fb004,2022-11-15 18:22:26,108.9918,34.377964,0,8,1,0,2022-11-15 18:22:28,3187.0,20948,16357,0.0,1091,90,13.3,0.5555555555555556,T,216
600060528799,2970,5d6c2d3e-6007-4132-8c7a-fd02e58fb004,2022-11-15 18:22:26,108.9918,34.377984,5,8,1,6,2022-11-15 18:22:29,3188.0,20950,16366,0.0,1163,90,13.3,0.4166666666666667,T,217
600060528799,2970,5d6c2d3e-6007-4132-8c7a-fd02e58fb004,2022-11-15 18:22:26,108.9918,34.377984,5,8,1,6,2022-11-15 18:22:30,3189.0,20950,16366,0.0,1163,90,13.3,0.4166666666666667,T,218
600060528799,2970,5d6c2d3e-6007-4132-8c7a-fd02e58fb004,2022-11-15 18:22:26,108.9918,34.378024,4,7,1,8,2022-11-15 18:22:31,3190.0,20954,16373,0.0,1164,89,13.3,0.0,T,219
600060528799,2970,5d6c2d3e-6007-4132-8c7a-fd02e58fb004,2022-11-15 18:22:42,108.9918,34.378044,2,7,1,8,2022-11-15 18:22:32,3191.0,20958,16376,0.0,997,89,13.3,-0.2777777777777778,T,220
600060528799,2970,5d6c2d3e-6007-4132-8c7a-fd02e58fb004,2022-11-15 18:22:42,108.9918,34.378044,2,7,1,8,2022-11-15 18:22:33,3192.0,20958,16376,0.0,997,89,13.3,-0.2777777777777778,T,221
600060528799,2970,5d6c2d3e-6007-4132-8c7a-fd02e58fb004,2022-11-15 18:22:42,108.9918,34.37808,355,7,1,5,2022-11-15 18:22:34,3193.0,20960,16379,0.0,795,89,13.3,-1.1111111111111112,T,222
600060528799,2970,5d6c2d3e-6007-4132-8c7a-fd02e58fb004,2022-11-15 18:22:42,108.9918,34.37808,355,7,1,5,2022-11-15 18:22:35,3194.0,20960,16379,0.0,795,89,13.3,-1.1111111111111112,T,223
600060528799,2970,5d6c2d3e-6007-4132-8c7a-fd02e58fb004,2022-11-15 18:22:42,108.9918,34.37808,355,7,1,5,2022-11-15 18:22:36,3195.0,20960,16379,0.0,795,89,13.3,-1.1111111111111112,T,224
600060528799,2970,5d6c2d3e-6007-4132-8c7a-fd02e58fb004,2022-11-15 18:22:42,108.9918,34.378088,0,6,1,0,2022-11-15 18:22:37,3196.0,20961,16387,0.0,806,89,13.3,0.0,T,225
600060528799,2970,5d6c2d3e-6007-4132-8c7a-fd02e58fb004,2022-11-15 18:22:42,108.9918,34.378088,0,6,1,0,2022-11-15 18:22:38,3197.0,20961,16390,0.0,792,89,13.2,0.0,T,226
600060528799,2970,5d6c2d3e-6007-4132-8c7a-fd02e58fb004,2022-11-15 18:22:42,108.9918,34.378088,0,6,1,0,2022-11-15 18:22:39,3198.0,20961,16390,0.0,792,89,13.2,0.0,T,227
600060528799,2970,5d6c2d3e-6007-4132-8c7a-fd02e58fb004,2022-11-15 18:22:42,108.9918,34.378088,0,6,1,0,2022-11-15 18:22:40,3199.0,20961,16394,0.0,794,89,13.3,0.0,T,228
600060528799,2970,5d6c2d3e-6007-4132-8c7a-fd02e58fb004,2022-11-15 18:22:42,108.9918,34.378088,0,6,1,0,2022-11-15 18:22:41,3200.0,20961,16394,0.0,794,89,13.3,0.0,T,229
600060528799,2970,5d6c2d3e-6007-4132-8c7a-fd02e58fb004,2022-11-15 18:22:42,108.9918,34.378088,0,6,1,0,2022-11-15 18:22:42,3201.0,20961,16397,0.0,798,89,13.2,0.0,T,230
600060528799,2970,5d6c2d3e-6007-4132-8c7a-fd02e58fb004,2022-11-15 18:22:42,108.9918,34.378088,0,6,1,0,2022-11-15 18:22:43,3202.0,20961,16400,0.0,792,89,13.2,0.0,T,231
600060528799,2970,5d6c2d3e-6007-4132-8c7a-fd02e58fb004,2022-11-15 18:22:42,108.9918,34.378088,0,6,1,0,2022-11-15 18:22:44,3203.0,20961,16400,0.0,792,89,13.2,0.0,T,232
600060528799,2970,5d6c2d3e-6007-4132-8c7a-fd02e58fb004,2022-11-15 18:22:42,108.991816,34.37808,0,6,1,1,2022-11-15 18:22:45,3204.0,20961,16403,0.0,794,89,13.2,0.0,T,233
600060528799,2970,5d6c2d3e-6007-4132-8c7a-fd02e58fb004,2022-11-15 18:22:42,108.991816,34.37808,0,6,1,1,2022-11-15 18:22:46,3205.0,20961,16403,0.0,794,89,13.2,0.0,T,234
600060528799,2970,5d6c2d3e-6007-4132-8c7a-fd02e58fb004,2022-11-15 18:22:42,108.9918,34.37808,0,6,1,0,2022-11-15 18:22:47,3206.0,20961,16406,0.0,799,89,13.2,0.0,T,235
600060528799,2970,5d6c2d3e-6007-4132-8c7a-fd02e58fb004,2022-11-15 18:22:58,108.9918,34.37808,0,6,1,0,2022-11-15 18:22:48,3207.0,20961,16410,0.0,802,89,13.2,0.0,T,236
600060528799,2970,5d6c2d3e-6007-4132-8c7a-fd02e58fb004,2022-11-15 18:22:58,108.9918,34.37808,0,6,1,0,2022-11-15 18:22:49,3208.0,20961,16410,0.0,802,89,13.2,0.0,T,237
600060528799,2970,5d6c2d3e-6007-4132-8c7a-fd02e58fb004,2022-11-15 18:22:58,108.9918,34.37808,0,6,1,0,2022-11-15 18:22:50,3209.0,20961,16414,0.0,794,89,13.3,0.0,T,238
600060528799,2970,5d6c2d3e-6007-4132-8c7a-fd02e58fb004,2022-11-15 18:22:58,108.9918,34.37808,0,6,1,0,2022-11-15 18:22:51,3210.0,20961,16414,0.0,794,89,13.3,0.0,T,239
600060528799,2970,5d6c2d3e-6007-4132-8c7a-fd02e58fb004,2022-11-15 18:22:58,108.991816,34.378076,0,7,1,1,2022-11-15 18:22:52,3211.0,20961,16417,0.0,795,89,13.2,0.0,T,240
600060528799,2970,5d6c2d3e-6007-4132-8c7a-fd02e58fb004,2022-11-15 18:22:58,108.991816,34.378072,0,7,1,0,2022-11-15 18:22:53,3212.0,20961,16420,0.0,798,89,13.2,0.0,T,241
600060528799,2970,5d6c2d3e-6007-4132-8c7a-fd02e58fb004,2022-11-15 18:22:58,108.991816,34.378072,0,7,1,0,2022-11-15 18:22:54,3213.0,20961,16420,0.0,798,89,13.2,0.0,T,242
600060528799,2970,5d6c2d3e-6007-4132-8c7a-fd02e58fb004,2022-11-15 18:22:58,108.991816,34.378072,0,7,1,0,2022-11-15 18:22:55,3214.0,20961,16424,0.0,798,89,13.2,0.0,T,243
600060528799,2970,5d6c2d3e-6007-4132-8c7a-fd02e58fb004,2022-11-15 18:22:58,108.991816,34.378076,0,7,1,0,2022-11-15 18:22:56,3215.0,20961,16427,0.0,801,89,13.2,0.0,T,244
600060528799,2970,5d6c2d3e-6007-4132-8c7a-fd02e58fb004,2022-11-15 18:22:58,108.991816,34.378076,0,7,1,0,2022-11-15 18:22:57,3216.0,20961,16427,0.0,801,89,13.2,0.0,T,245
600060528799,2970,5d6c2d3e-6007-4132-8c7a-fd02e58fb004,2022-11-15 18:22:58,108.991816,34.37808,0,8,1,0,2022-11-15 18:22:58,3217.0,20961,16430,0.0,805,89,13.2,0.0,T,246
600060528799,2970,5d6c2d3e-6007-4132-8c7a-fd02e58fb004,2022-11-15 18:22:58,108.991816,34.378088,0,8,1,1,2022-11-15 18:22:59,3218.0,20961,16434,0.0,806,89,13.2,0.0,T,247
600060528799,2970,5d6c2d3e-6007-4132-8c7a-fd02e58fb004,2022-11-15 18:22:58,108.991816,34.378088,0,8,1,1,2022-11-15 18:23:00,3219.0,20961,16434,0.0,806,89,13.2,0.0,T,248
600060528799,2970,5d6c2d3e-6007-4132-8c7a-fd02e58fb004,2022-11-15 18:22:58,108.9918,34.378088,0,6,1,0,2022-11-15 18:23:01,3220.0,20961,16437,0.0,799,89,13.2,0.0,T,249
600060528799,2970,5d6c2d3e-6007-4132-8c7a-fd02e58fb004,2022-11-15 18:22:58,108.9918,34.378088,0,6,1,0,2022-11-15 18:23:02,3221.0,20961,16437,0.0,799,89,13.2,0.0,T,250
600060528799,2970,5d6c2d3e-6007-4132-8c7a-fd02e58fb004,2022-11-15 18:22:58,108.9918,34.378088,0,6,1,0,2022-11-15 18:23:03,3222.0,20961,16440,0.0,796,89,13.2,0.0,T,251
600060528799,2970,5d6c2d3e-6007-4132-8c7a-fd02e58fb004,2022-11-15 18:23:14,108.9918,34.378088,0,6,1,0,2022-11-15 18:23:04,3223.0,20961,16442,0.0,803,89,13.2,0.4166666666666667,T,252
600060528799,2970,5d6c2d3e-6007-4132-8c7a-fd02e58fb004,2022-11-15 18:23:14,108.9918,34.378088,0,6,1,0,2022-11-15 18:23:05,3224.0,20961,16442,0.0,803,89,13.2,0.4166666666666667,T,253
600060528799,2970,5d6c2d3e-6007-4132-8c7a-fd02e58fb004,2022-11-15 18:23:14,108.9918,34.378096,0,7,1,2,2022-11-15 18:23:06,3225.0,20963,16455,0.0,1098,89,13.2,0.8333333333333333,T,254
600060528799,2970,5d6c2d3e-6007-4132-8c7a-fd02e58fb004,2022-11-15 18:23:14,108.9918,34.378096,0,7,1,2,2022-11-15 18:23:07,3226.0,20963,16455,0.0,1098,89,13.2,0.8333333333333333,T,255
600060528799,2970,5d6c2d3e-6007-4132-8c7a-fd02e58fb004,2022-11-15 18:23:14,108.991768,34.378132,340,7,1,9,2022-11-15 18:23:08,3227.0,20966,16465,0.0,1197,89,13.1,1.1111111111111112,T,256
600060528799,2970,5d6c2d3e-6007-4132-8c7a-fd02e58fb004,2022-11-15 18:23:14,108.991744,34.37816,334,7,1,11,2022-11-15 18:23:09,3228.0,20972,16477,8.07782549908534,1438,89,13.1,0.6944444444444444,F,257
600060528799,2970,5d6c2d3e-6007-4132-8c7a-fd02e58fb004,2022-11-15 18:23:14,108.991744,34.37816,334,7,1,11,2022-11-15 18:23:10,3229.0,20972,16477,8.07782549908534,1438,89,13.1,0.6944444444444444,F,258
600060528799,2970,5d6c2d3e-6007-4132-8c7a-fd02e58fb004,2022-11-15 18:23:14,108.991672,34.378196,299,7,1,17,2022-11-15 18:23:11,3230.0,20981,16497,11.18468146027201,1358,89,13.1,0.5555555555555558,F,259
600060528799,2970,5d6c2d3e-6007-4132-8c7a-fd02e58fb004,2022-11-15 18:23:14,108.991672,34.378196,299,7,1,17,2022-11-15 18:23:12,3231.0,20981,16497,11.18468146027201,1358,89,13.1,0.5555555555555558,F,260
600060528799,2970,5d6c2d3e-6007-4132-8c7a-fd02e58fb004,2022-11-15 18:23:14,108.991552,34.37822,283,7,1,22,2022-11-15 18:23:13,3232.0,20990,16513,13.67016622922135,1650,89,13.1,0.5555555555555554,F,261
600060528799,2970,5d6c2d3e-6007-4132-8c7a-fd02e58fb004,2022-11-15 18:23:14,108.991488,34.378228,278,7,1,25,2022-11-15 18:23:14,3233.0,21000,16529,14.912908613696015,1296,89,13.0,0.6944444444444442,F,262
600060528799,2970,5d6c2d3e-6007-4132-8c7a-fd02e58fb004,2022-11-15 18:23:14,108.991488,34.378228,278,7,1,25,2022-11-15 18:23:15,3234.0,21000,16529,14.912908613696015,1296,89,13.0,0.6944444444444442,F,263
600060528799,2970,5d6c2d3e-6007-4132-8c7a-fd02e58fb004,2022-11-15 18:23:14,108.991312,34.37824,277,7,1,29,2022-11-15 18:23:16,3235.0,21015,16555,18.019764574882686,1472,89,13.0,1.1111111111111125,F,264
600060528799,2970,5d6c2d3e-6007-4132-8c7a-fd02e58fb004,2022-11-15 18:23:14,108.991224,34.378252,278,7,1,31,2022-11-15 18:23:17,3236.0,21029,16573,20.505249343832023,1706,89,13.0,0.1388888888888884,F,265
600060528799,2970,5d6c2d3e-6007-4132-8c7a-fd02e58fb004,2022-11-15 18:23:14,108.991224,34.378252,278,7,1,31,2022-11-15 18:23:18,3237.0,21029,16573,20.505249343832023,1706,89,13.0,0.1388888888888884,F,266
600060528799,2970,5d6c2d3e-6007-4132-8c7a-fd02e58fb004,2022-11-15 18:23:14,108.991032,34.378276,279,7,1,34,2022-11-15 18:23:19,3238.0,21043,16579,21.126620536069353,1254,89,13.1,0.0,F,267
600060528799,2970,5d6c2d3e-6007-4132-8c7a-fd02e58fb004,2022-11-15 18:23:14,108.991032,34.378276,279,7,1,34,2022-11-15 18:23:20,3239.0,21043,16579,21.126620536069353,1254,89,13.1,0.0,F,268
600060528799,2970,5d6c2d3e-6007-4132-8c7a-fd02e58fb004,2022-11-15 18:23:31,108.990824,34.378304,280,7,1,34,2022-11-15 18:23:21,3240.0,21061,16585,21.126620536069353,1262,89,13.8,-0.2777777777777777,F,269
600060528799,2970,5d6c2d3e-6007-4132-8c7a-fd02e58fb004,2022-11-15 18:23:31,108.990824,34.378304,280,7,1,34,2022-11-15 18:23:22,3241.0,21061,16585,21.126620536069353,1262,89,13.8,-0.2777777777777777,F,270
600060528799,2970,5d6c2d3e-6007-4132-8c7a-fd02e58fb004,2022-11-15 18:23:31,108.990608,34.378336,279,7,1,32,2022-11-15 18:23:23,3242.0,21078,16591,19.883878151594686,1188,89,13.8,-0.8333333333333339,F,271
600060528799,2970,5d6c2d3e-6007-4132-8c7a-fd02e58fb004,2022-11-15 18:23:31,108.990528,34.378348,279,7,1,31,2022-11-15 18:23:24,3243.0,21090,16595,18.019764574882686,1133,89,13.8,-1.8055555555555556,F,272
600060528799,2970,5d6c2d3e-6007-4132-8c7a-fd02e58fb004,2022-11-15 18:23:31,108.990528,34.378348,279,7,1,31,2022-11-15 18:23:25,3244.0,21090,16595,18.019764574882686,1133,89,13.8,-1.8055555555555556,F,273
600060528799,2970,5d6c2d3e-6007-4132-8c7a-fd02e58fb004,2022-11-15 18:23:31,108.990376,34.37836,276,6,1,17,2022-11-15 18:23:26,3245.0,21098,16599,9.941939075797343,817,89,13.2,-0.6944444444444444,F,274
600060528799,2970,5d6c2d3e-6007-4132-8c7a-fd02e58fb004,2022-11-15 18:23:31,108.990376,34.37836,276,6,1,17,2022-11-15 18:23:27,3246.0,21098,16599,9.941939075797343,817,89,13.2,-0.6944444444444444,F,275
600060528799,2970,5d6c2d3e-6007-4132-8c7a-fd02e58fb004,2022-11-15 18:23:31,108.990304,34.378364,276,6,1,11,2022-11-15 18:23:28,3247.0,21103,16602,6.835083114610675,817,90,13.1,-0.8333333333333335,F,276
600060528799,2970,5d6c2d3e-6007-4132-8c7a-fd02e58fb004,2022-11-15 18:23:31,108.99028,34.378368,276,7,1,8,2022-11-15 18:23:29,3248.0,21106,16605,4.970969537898672,789,90,13.1,-0.1388888888888888,F,277
600060528799,2970,5d6c2d3e-6007-4132-8c7a-fd02e58fb004,2022-11-15 18:23:31,108.99028,34.378368,276,7,1,8,2022-11-15 18:23:30,3249.0,21106,16605,4.970969537898672,789,90,13.1,-0.1388888888888888,F,278
600060528799,2970,5d6c2d3e-6007-4132-8c7a-fd02e58fb004,2022-11-15 18:23:31,108.990232,34.378368,277,6,1,6,2022-11-15 18:23:31,3250.0,21110,16615,4.349598345661339,895,90,13.1,0.0,F,279
600060528799,2970,5d6c2d3e-6007-4132-8c7a-fd02e58fb004,2022-11-15 18:23:31,108.990216,34.378368,275,6,1,7,2022-11-15 18:23:32,3251.0,21113,16625,4.349598345661339,1223,90,13.1,0.4166666666666665,F,280
600060528799,2970,5d6c2d3e-6007-4132-8c7a-fd02e58fb004,2022-11-15 18:23:31,108.990216,34.378368,275,6,1,7,2022-11-15 18:23:33,3252.0,21113,16625,4.349598345661339,1223,90,13.1,0.4166666666666665,F,281
600060528799,2970,5d6c2d3e-6007-4132-8c7a-fd02e58fb004,2022-11-15 18:23:31,108.990152,34.378368,274,7,1,9,2022-11-15 18:23:34,3253.0,21117,16638,6.2137119223733395,1285,90,13.0,0.6944444444444446,F,282
600060528799,2970,5d6c2d3e-6007-4132-8c7a-fd02e58fb004,2022-11-15 18:23:31,108.990152,34.378368,274,7,1,9,2022-11-15 18:23:35,3254.0,21117,16638,6.2137119223733395,1285,90,13.0,0.6944444444444446,F,283
600060528799,2970,5d6c2d3e-6007-4132-8c7a-fd02e58fb004,2022-11-15 18:23:31,108.990072,34.37838,281,7,1,16,2022-11-15 18:23:36,3255.0,21125,16661,9.32056788356001,1397,90,13.0,1.9444444444444449,F,284
600060528799,2970,5d6c2d3e-6007-4132-8c7a-fd02e58fb004,2022-11-15 18:23:47,108.990008,34.378392,281,7,1,20,2022-11-15 18:23:37,3256.0,21134,16683,13.67016622922135,1635,90,13.0,0.5555555555555554,F,285
600060528799,2970,5d6c2d3e-6007-4132-8c7a-fd02e58fb004,2022-11-15 18:23:47,108.990008,34.378392,281,7,1,20,2022-11-15 18:23:38,3257.0,21134,16683,13.67016622922135,1635,90,13.0,0.5555555555555554,F,286
600060528799,2970,5d6c2d3e-6007-4132-8c7a-fd02e58fb004,2022-11-15 18:23:47,108.989864,34.378416,281,7,1,26,2022-11-15 18:23:39,3258.0,21145,16703,16.15565099817068,1868,90,13.0,0.5555555555555558,F,287
600060528799,2970,5d6c2d3e-6007-4132-8c7a-fd02e58fb004,2022-11-15 18:23:47,108.989864,34.378416,281,7,1,26,2022-11-15 18:23:40,3259.0,21145,16703,16.15565099817068,1868,90,13.0,0.5555555555555558,F,288
600060528799,2970,5d6c2d3e-6007-4132-8c7a-fd02e58fb004,2022-11-15 18:23:47,108.98968,34.378436,279,7,1,31,2022-11-15 18:23:41,3260.0,21160,16727,18.64113576712002,1552,90,12.9,1.1111111111111107,F,289
600060528799,2970,5d6c2d3e-6007-4132-8c7a-fd02e58fb004,2022-11-15 18:23:47,108.989584,34.378456,279,7,1,33,2022-11-15 18:23:42,3261.0,21174,16743,21.126620536069353,1252,90,13.1,0.4166666666666669,F,290
600060528799,2970,5d6c2d3e-6007-4132-8c7a-fd02e58fb004,2022-11-15 18:23:47,108.989584,34.378456,279,7,1,33,2022-11-15 18:23:43,3262.0,21174,16743,21.126620536069353,1252,90,13.1,0.4166666666666669,F,291
600060528799,2970,5d6c2d3e-6007-4132-8c7a-fd02e58fb004,2022-11-15 18:23:47,108.989376,34.37848,279,7,1,37,2022-11-15 18:23:44,3263.0,21190,16762,22.99073411278136,1335,90,13.0,0.2777777777777777,F,292
600060528799,2970,5d6c2d3e-6007-4132-8c7a-fd02e58fb004,2022-11-15 18:23:47,108.989376,34.37848,279,7,1,37,2022-11-15 18:23:45,3264.0,21190,16762,22.99073411278136,1335,90,13.0,0.2777777777777777,F,293
600060528799,2970,5d6c2d3e-6007-4132-8c7a-fd02e58fb004,2022-11-15 18:23:47,108.989144,34.378512,279,7,1,40,2022-11-15 18:23:46,3265.0,21210,16781,24.233476497256024,1428,90,13.0,0.5555555555555554,F,294
600060528799,2970,5d6c2d3e-6007-4132-8c7a-fd02e58fb004,2022-11-15 18:23:47,108.989016,34.378528,278,7,1,41,2022-11-15 18:23:47,3266.0,21227,16789,25.47621888173069,1513,90,13.0,0.0,F,295
600060528799,2970,5d6c2d3e-6007-4132-8c7a-fd02e58fb004,2022-11-15 18:23:47,108.989016,34.378528,278,7,1,41,2022-11-15 18:23:48,3267.0,21227,16789,25.47621888173069,1513,90,13.0,0.0,F,296
600060528799,2970,5d6c2d3e-6007-4132-8c7a-fd02e58fb004,2022-11-15 18:23:47,108.988768,34.378556,275,7,1,40,2022-11-15 18:23:49,3268.0,21244,16795,25.47621888173069,1491,90,13.8,-0.5555555555555554,F,297
600060528799,2970,5d6c2d3e-6007-4132-8c7a-fd02e58fb004,2022-11-15 18:23:47,108.98864,34.378568,278,7,1,40,2022-11-15 18:23:50,3269.0,21265,16804,24.233476497256024,1437,90,13.2,0.0,F,298
600060528799,2970,5d6c2d3e-6007-4132-8c7a-fd02e58fb004,2022-11-15 18:23:47,108.98864,34.378568,278,7,1,40,2022-11-15 18:23:51,3270.0,21265,16804,24.233476497256024,1437,90,13.2,0.0,F,299
600060528799,2970,5d6c2d3e-6007-4132-8c7a-fd02e58fb004,2022-11-15 18:23:47,108.988392,34.3786,279,7,1,39,2022-11-15 18:23:52,3271.0,21281,16810,24.233476497256024,1454,90,13.1,0.0,F,300
600060528799,2970,5d6c2d3e-6007-4132-8c7a-fd02e58fb004,2022-11-15 18:24:03,108.98828,34.378616,278,7,1,39,2022-11-15 18:23:53,3272.0,21297,16815,24.233476497256024,1415,90,13.8,-0.2777777777777777,F,301
600060528799,2970,5d6c2d3e-6007-4132-8c7a-fd02e58fb004,2022-11-15 18:24:03,108.98828,34.378616,278,7,1,39,2022-11-15 18:23:54,3273.0,21297,16815,24.233476497256024,1415,90,13.8,-0.2777777777777777,F,302
600060528799,2970,5d6c2d3e-6007-4132-8c7a-fd02e58fb004,2022-11-15 18:24:03,108.988056,34.37866,282,7,1,37,2022-11-15 18:23:55,3274.0,21316,16822,22.99073411278136,1344,90,13.2,0.0,F,303
600060528799,2970,5d6c2d3e-6007-4132-8c7a-fd02e58fb004,2022-11-15 18:24:03,108.988056,34.37866,282,7,1,37,2022-11-15 18:23:56,3275.0,21316,16822,22.99073411278136,1344,90,13.2,0.0,F,304
600060528799,2970,5d6c2d3e-6007-4132-8c7a-fd02e58fb004,2022-11-15 18:24:03,108.987824,34.378688,279,7,1,37,2022-11-15 18:23:57,3276.0,21332,16834,22.99073411278136,1383,90,13.1,0.5555555555555554,F,305
600060528799,2970,5d6c2d3e-6007-4132-8c7a-fd02e58fb004,2022-11-15 18:24:03,108.987712,34.378708,278,7,1,38,2022-11-15 18:23:58,3277.0,21348,16846,24.233476497256024,1424,90,13.1,0.1388888888888884,F,306
600060528799,2970,5d6c2d3e-6007-4132-8c7a-fd02e58fb004,2022-11-15 18:24:03,108.987712,34.378708,278,7,1,38,2022-11-15 18:23:59,3278.0,21348,16846,24.233476497256024,1424,90,13.1,0.1388888888888884,F,307
600060528799,2970,5d6c2d3e-6007-4132-8c7a-fd02e58fb004,2022-11-15 18:24:03,108.987464,34.378736,278,7,1,40,2022-11-15 18:24:00,3279.0,21369,16862,24.854847689493358,1476,90,12.9,0.1388888888888892,F,308
600060528799,2970,5d6c2d3e-6007-4132-8c7a-fd02e58fb004,2022-11-15 18:24:03,108.987464,34.378736,278,7,1,40,2022-11-15 18:24:01,3280.0,21369,16862,24.854847689493358,1476,90,12.9,0.1388888888888892,F,309
600060528799,2970,5d6c2d3e-6007-4132-8c7a-fd02e58fb004,2022-11-15 18:24:03,108.987224,34.378768,278,7,1,40,2022-11-15 18:24:02,3281.0,21386,16866,25.47621888173069,1483,90,13.5,-0.8333333333333339,F,310
600060528799,2970,5d6c2d3e-6007-4132-8c7a-fd02e58fb004,2022-11-15 18:24:03,108.987088,34.378784,279,7,1,39,2022-11-15 18:24:03,3282.0,21402,16872,23.61210530501869,1419,90,13.8,-0.1388888888888884,F,311
600060528799,2970,5d6c2d3e-6007-4132-8c7a-fd02e58fb004,2022-11-15 18:24:03,108.987088,34.378784,279,7,1,39,2022-11-15 18:24:04,3283.0,21402,16872,23.61210530501869,1419,90,13.8,-0.1388888888888884,F,312
600060528799,2970,5d6c2d3e-6007-4132-8c7a-fd02e58fb004,2022-11-15 18:24:03,108.986888,34.378812,279,6,1,36,2022-11-15 18:24:05,3284.0,21421,16881,22.99073411278136,1347,90,13.2,0.0,F,313
600060528799,2970,5d6c2d3e-6007-4132-8c7a-fd02e58fb004,2022-11-15 18:24:03,108.986888,34.378812,279,6,1,36,2022-11-15 18:24:06,3285.0,21421,16881,22.99073411278136,1347,90,13.2,0.0,F,314
600060528799,2970,5d6c2d3e-6007-4132-8c7a-fd02e58fb004,2022-11-15 18:24:03,108.986656,34.378844,279,6,1,37,2022-11-15 18:24:07,3286.0,21436,16892,22.99073411278136,1364,90,13.2,0.0,F,315
600060528799,2970,5d6c2d3e-6007-4132-8c7a-fd02e58fb004,2022-11-15 18:24:03,108.986544,34.378856,280,6,1,37,2022-11-15 18:24:08,3287.0,21452,16897,22.99073411278136,1351,90,13.8,-0.1388888888888892,F,316
600060528799,2970,5d6c2d3e-6007-4132-8c7a-fd02e58fb004,2022-11-15 18:24:03,108.986544,34.378856,280,6,1,37,2022-11-15 18:24:09,3288.0,21452,16897,22.99073411278136,1351,90,13.8,-0.1388888888888892,F,317
600060528799,2970,5d6c2d3e-6007-4132-8c7a-fd02e58fb004,2022-11-15 18:24:19,108.986328,34.378896,280,7,1,35,2022-11-15 18:24:10,3289.0,21471,16904,22.36936292054402,1306,90,13.2,0.0,F,318
600060528799,2970,5d6c2d3e-6007-4132-8c7a-fd02e58fb004,2022-11-15 18:24:19,108.986216,34.378912,279,8,1,35,2022-11-15 18:24:11,3290.0,21486,16911,22.36936292054402,1324,90,13.2,-0.1388888888888884,F,319
600060528799,2970,5d6c2d3e-6007-4132-8c7a-fd02e58fb004,2022-11-15 18:24:19,108.986216,34.378912,279,8,1,35,2022-11-15 18:24:12,3291.0,21486,16911,22.36936292054402,1324,90,13.2,-0.1388888888888884,F,320
600060528799,2970,5d6c2d3e-6007-4132-8c7a-fd02e58fb004,2022-11-15 18:24:19,108.986,34.378932,278,8,1,35,2022-11-15 18:24:13,3292.0,21500,16916,21.747991728306694,1272,90,13.8,-0.2777777777777785,F,321
600060528799,2970,5d6c2d3e-6007-4132-8c7a-fd02e58fb004,2022-11-15 18:24:19,108.985912,34.378948,279,8,1,34,2022-11-15 18:24:14,3293.0,21518,16921,21.126620536069353,1234,90,13.8,-0.2777777777777777,F,322
600060528799,2970,5d6c2d3e-6007-4132-8c7a-fd02e58fb004,2022-11-15 18:24:19,108.985912,34.378948,279,8,1,34,2022-11-15 18:24:15,3294.0,21518,16921,21.126620536069353,1234,90,13.8,-0.2777777777777777,F,323
600060528799,2970,5d6c2d3e-6007-4132-8c7a-fd02e58fb004,2022-11-15 18:24:19,108.985696,34.37898,281,8,1,32,2022-11-15 18:24:16,3295.0,21531,16926,19.883878151594686,1173,90,13.8,-0.4166666666666669,F,324
600060528799,2970,5d6c2d3e-6007-4132-8c7a-fd02e58fb004,2022-11-15 18:24:19,108.985696,34.37898,281,8,1,32,2022-11-15 18:24:17,3296.0,21531,16926,19.883878151594686,1173,90,13.8,-0.4166666666666669,F,325
600060528799,2970,5d6c2d3e-6007-4132-8c7a-fd02e58fb004,2022-11-15 18:24:19,108.985512,34.379004,279,8,1,29,2022-11-15 18:24:18,3297.0,21544,16930,18.019764574882686,1067,90,13.9,-2.222222222222221,F,326
600060528799,2970,5d6c2d3e-6007-4132-8c7a-fd02e58fb004,2022-11-15 18:24:19,108.985432,34.379016,278,8,1,23,2022-11-15 18:24:19,3298.0,21552,16935,13.048795036984014,915,90,13.6,-1.2500000000000002,F,327
600060528799,2970,5d6c2d3e-6007-4132-8c7a-fd02e58fb004,2022-11-15 18:24:19,108.985432,34.379016,278,8,1,23,2022-11-15 18:24:20,3299.0,21552,16935,13.048795036984014,915,90,13.6,-1.2500000000000002,F,328
600060528799,2970,5d6c2d3e-6007-4132-8c7a-fd02e58fb004,2022-11-15 18:24:19,108.98532,34.379028,278,8,1,13,2022-11-15 18:24:21,3300.0,21558,16939,7.456454306848007,856,90,13.2,-0.8333333333333334,F,329
600060528799,2970,5d6c2d3e-6007-4132-8c7a-fd02e58fb004,2022-11-15 18:24:19,108.98532,34.379028,278,8,1,13,2022-11-15 18:24:22,3301.0,21558,16939,7.456454306848007,856,90,13.2,-0.8333333333333334,F,330
600060528799,2970,5d6c2d3e-6007-4132-8c7a-fd02e58fb004,2022-11-15 18:24:19,108.985264,34.379032,278,6,1,5,2022-11-15 18:24:23,3302.0,21561,16942,3.7282271534240037,795,90,13.2,-1.1111111111111112,F,331
600060528799,2970,5d6c2d3e-6007-4132-8c7a-fd02e58fb004,2022-11-15 18:24:19,108.985264,34.379032,278,6,1,5,2022-11-15 18:24:24,3303.0,21561,16942,3.7282271534240037,795,90,13.2,-1.1111111111111112,F,332
600060528799,2970,5d6c2d3e-6007-4132-8c7a-fd02e58fb004,2022-11-15 18:24:19,108.985264,34.379032,278,6,1,5,2022-11-15 18:24:25,3304.0,21561,16942,3.7282271534240037,795,90,13.2,-1.1111111111111112,F,333
600051954180,4115,b5463e8c-4444-4d6b-ace7-50803b7e66ac,2022-07-30 17:58:01,108.917448,34.260948,80,6,1,9,2022-07-30 17:57:59,2642.0,9963,25566,0.0,771,91,13.9,0.0,T,334
600051954180,4115,b5463e8c-4444-4d6b-ace7-50803b7e66ac,2022-07-30 17:58:01,108.91748,34.260968,78,7,1,9,2022-07-30 17:58:00,2643.0,9966,25574,0.0,732,91,13.8,-0.1388888888888888,T,335
600051954180,4115,b5463e8c-4444-4d6b-ace7-50803b7e66ac,2022-07-30 17:58:01,108.91748,34.260968,78,7,1,9,2022-07-30 17:58:01,2644.0,9966,25574,0.0,732,91,13.8,-0.1388888888888888,T,336
600051954180,4115,b5463e8c-4444-4d6b-ace7-50803b7e66ac,2022-07-30 17:58:01,108.917528,34.260992,79,7,1,9,2022-07-30 17:58:02,2645.0,9969,25584,0.0,709,91,13.7,-0.2777777777777777,T,337
600051954180,4115,b5463e8c-4444-4d6b-ace7-50803b7e66ac,2022-07-30 17:58:01,108.917568,34.260996,80,7,1,8,2022-07-30 17:58:03,2646.0,9972,25593,0.0,660,91,13.9,-0.2777777777777779,T,338
600051954180,4115,b5463e8c-4444-4d6b-ace7-50803b7e66ac,2022-07-30 17:58:01,108.917576,34.261012,80,8,1,8,2022-07-30 17:58:04,2647.0,9974,25602,0.0,709,91,13.9,-0.1388888888888889,T,339
600051954180,4115,b5463e8c-4444-4d6b-ace7-50803b7e66ac,2022-07-30 17:58:01,108.917576,34.261012,80,8,1,8,2022-07-30 17:58:05,2648.0,9974,25602,0.0,709,91,13.9,-0.1388888888888889,T,340
600051954180,4115,b5463e8c-4444-4d6b-ace7-50803b7e66ac,2022-07-30 17:58:01,108.917608,34.261032,84,8,1,6,2022-07-30 17:58:06,2649.0,9976,25611,0.0,666,91,13.7,0.0,T,341
600051954180,4115,b5463e8c-4444-4d6b-ace7-50803b7e66ac,2022-07-30 17:58:01,108.917624,34.261028,92,7,1,6,2022-07-30 17:58:07,2650.0,9978,25621,0.0,654,91,13.8,-0.5555555555555555,T,342
600051954180,4115,b5463e8c-4444-4d6b-ace7-50803b7e66ac,2022-07-30 17:58:01,108.91764,34.261032,97,7,1,5,2022-07-30 17:58:08,2651.0,9979,25630,0.0,611,91,13.8,0.0,T,343
600051954180,4115,b5463e8c-4444-4d6b-ace7-50803b7e66ac,2022-07-30 17:58:01,108.91764,34.261032,97,7,1,5,2022-07-30 17:58:09,2652.0,9979,25630,0.0,611,91,13.8,0.0,T,344
600051954180,4115,b5463e8c-4444-4d6b-ace7-50803b7e66ac,2022-07-30 17:58:14,108.91768,34.261036,101,7,1,4,2022-07-30 17:58:10,2653.0,9980,25639,0.0,653,91,13.8,-0.5555555555555556,T,345
600051954180,4115,b5463e8c-4444-4d6b-ace7-50803b7e66ac,2022-07-30 17:58:14,108.917696,34.26104,0,7,1,3,2022-07-30 17:58:11,2654.0,9980,25649,0.0,673,91,13.8,-0.2777777777777778,T,346
600051954180,4115,b5463e8c-4444-4d6b-ace7-50803b7e66ac,2022-07-30 17:58:14,108.917696,34.261036,0,7,1,2,2022-07-30 17:58:12,2655.0,9980,25658,0.0,673,91,13.9,0.0,T,347
600051954180,4115,b5463e8c-4444-4d6b-ace7-50803b7e66ac,2022-07-30 17:58:14,108.917696,34.261036,0,7,1,2,2022-07-30 17:58:13,2656.0,9980,25658,0.0,673,91,13.9,0.0,T,348
600051954180,4115,b5463e8c-4444-4d6b-ace7-50803b7e66ac,2022-07-30 17:58:14,108.917696,34.261036,0,7,1,1,2022-07-30 17:58:14,2657.0,9980,25666,0.0,651,91,13.8,0.0,T,349
600051954180,4115,b5463e8c-4444-4d6b-ace7-50803b7e66ac,2022-07-30 17:58:14,108.917712,34.261028,0,7,1,1,2022-07-30 17:58:15,2658.0,9980,25673,0.0,657,91,13.9,0.0,T,350
600051954180,4115,b5463e8c-4444-4d6b-ace7-50803b7e66ac,2022-07-30 17:58:14,108.917712,34.261024,0,7,1,1,2022-07-30 17:58:16,2659.0,9980,25681,0.0,673,91,13.7,0.0,T,351
600051954180,4115,b5463e8c-4444-4d6b-ace7-50803b7e66ac,2022-07-30 17:58:14,108.917712,34.261024,0,7,1,1,2022-07-30 17:58:17,2660.0,9980,25681,0.0,673,91,13.7,0.0,T,352
600051954180,4115,b5463e8c-4444-4d6b-ace7-50803b7e66ac,2022-07-30 17:58:14,108.917696,34.261028,0,7,1,0,2022-07-30 17:58:18,2661.0,9980,25689,0.0,676,91,13.8,0.0,T,353
600051954180,4115,b5463e8c-4444-4d6b-ace7-50803b7e66ac,2022-07-30 17:58:14,108.917696,34.261032,0,7,1,1,2022-07-30 17:58:19,2662.0,9980,25698,0.0,665,91,13.8,0.0,T,354
600051954180,4115,b5463e8c-4444-4d6b-ace7-50803b7e66ac,2022-07-30 17:58:14,108.917696,34.261024,0,7,1,0,2022-07-30 17:58:20,2663.0,9980,25706,0.0,646,91,13.8,0.0,T,355
600051954180,4115,b5463e8c-4444-4d6b-ace7-50803b7e66ac,2022-07-30 17:58:14,108.917696,34.261024,0,7,1,0,2022-07-30 17:58:21,2664.0,9980,25706,0.0,646,91,13.8,0.0,T,356
600051954180,4115,b5463e8c-4444-4d6b-ace7-50803b7e66ac,2022-07-30 17:58:14,108.917696,34.261008,0,6,1,1,2022-07-30 17:58:22,2665.0,9980,25714,0.0,667,91,13.8,0.0,T,357
600051954180,4115,b5463e8c-4444-4d6b-ace7-50803b7e66ac,2022-07-30 17:58:28,108.917712,34.261004,0,6,1,1,2022-07-30 17:58:23,2666.0,9980,25722,0.0,706,91,13.8,0.0,T,358
600051954180,4115,b5463e8c-4444-4d6b-ace7-50803b7e66ac,2022-07-30 17:58:28,108.917712,34.261008,0,6,1,1,2022-07-30 17:58:24,2667.0,9980,25730,0.0,673,91,13.8,0.0,T,359
600051954180,4115,b5463e8c-4444-4d6b-ace7-50803b7e66ac,2022-07-30 17:58:28,108.917712,34.261008,0,6,1,1,2022-07-30 17:58:25,2668.0,9980,25730,0.0,673,91,13.8,0.0,T,360
600051954180,4115,b5463e8c-4444-4d6b-ace7-50803b7e66ac,2022-07-30 17:58:28,108.917712,34.261004,0,6,1,1,2022-07-30 17:58:26,2669.0,9980,25738,0.0,663,91,13.8,0.0,T,361
600051954180,4115,b5463e8c-4444-4d6b-ace7-50803b7e66ac,2022-07-30 17:58:28,108.917712,34.260996,132,6,1,2,2022-07-30 17:58:27,2670.0,9980,25748,0.0,650,91,13.8,0.0,T,362
600051954180,4115,b5463e8c-4444-4d6b-ace7-50803b7e66ac,2022-07-30 17:58:28,108.917712,34.261,0,6,1,1,2022-07-30 17:58:28,2671.0,9980,25755,0.0,671,91,13.8,0.0,T,363
600051954180,4115,b5463e8c-4444-4d6b-ace7-50803b7e66ac,2022-07-30 17:58:28,108.917712,34.261,0,6,1,1,2022-07-30 17:58:29,2672.0,9980,25755,0.0,671,91,13.8,0.0,T,364
600051954180,4115,b5463e8c-4444-4d6b-ace7-50803b7e66ac,2022-07-30 17:58:28,108.917712,34.261004,0,6,1,0,2022-07-30 17:58:30,2673.0,9980,25763,0.0,668,91,13.8,0.0,T,365
600051954180,4115,b5463e8c-4444-4d6b-ace7-50803b7e66ac,2022-07-30 17:58:28,108.917712,34.261008,0,6,1,0,2022-07-30 17:58:31,2674.0,9980,25772,0.0,687,91,13.8,0.0,T,366
600051954180,4115,b5463e8c-4444-4d6b-ace7-50803b7e66ac,2022-07-30 17:58:28,108.917712,34.261008,0,6,1,0,2022-07-30 17:58:32,2675.0,9980,25779,0.0,665,91,13.8,0.0,T,367
600051954180,4115,b5463e8c-4444-4d6b-ace7-50803b7e66ac,2022-07-30 17:58:28,108.917712,34.261008,0,6,1,0,2022-07-30 17:58:33,2676.0,9980,25779,0.0,665,91,13.8,0.0,T,368
600051954180,4115,b5463e8c-4444-4d6b-ace7-50803b7e66ac,2022-07-30 17:58:28,108.917728,34.261008,0,6,1,1,2022-07-30 17:58:34,2677.0,9980,25788,0.0,653,91,13.8,0.0,T,369
600051954180,4115,b5463e8c-4444-4d6b-ace7-50803b7e66ac,2022-07-30 17:58:28,108.917712,34.261012,0,6,1,0,2022-07-30 17:58:35,2678.0,9980,25795,0.0,648,91,13.8,0.0,T,370
600051954180,4115,b5463e8c-4444-4d6b-ace7-50803b7e66ac,2022-07-30 17:58:41,108.917712,34.261024,0,6,1,0,2022-07-30 17:58:36,2679.0,9980,25804,0.0,676,91,13.8,0.0,T,371
600051954180,4115,b5463e8c-4444-4d6b-ace7-50803b7e66ac,2022-07-30 17:58:41,108.917712,34.261024,0,6,1,0,2022-07-30 17:58:37,2680.0,9980,25804,0.0,676,91,13.8,0.0,T,372
600051954180,4115,b5463e8c-4444-4d6b-ace7-50803b7e66ac,2022-07-30 17:58:41,108.917712,34.26104,0,6,1,1,2022-07-30 17:58:38,2681.0,9980,25812,0.0,658,91,13.8,0.0,T,373
600051954180,4115,b5463e8c-4444-4d6b-ace7-50803b7e66ac,2022-07-30 17:58:41,108.917712,34.26104,0,6,1,0,2022-07-30 17:58:39,2682.0,9980,25820,0.0,671,91,13.7,0.0,T,374
600051954180,4115,b5463e8c-4444-4d6b-ace7-50803b7e66ac,2022-07-30 17:58:41,108.917712,34.261048,0,6,1,0,2022-07-30 17:58:40,2683.0,9980,25827,0.0,667,91,13.8,0.0,T,375
600051954180,4115,b5463e8c-4444-4d6b-ace7-50803b7e66ac,2022-07-30 17:58:41,108.917712,34.261048,0,6,1,0,2022-07-30 17:58:41,2684.0,9980,25827,0.0,667,91,13.8,0.0,T,376
600051954180,4115,b5463e8c-4444-4d6b-ace7-50803b7e66ac,2022-07-30 17:58:41,108.917696,34.261064,0,6,1,1,2022-07-30 17:58:42,2685.0,9980,25836,0.0,664,91,13.8,0.0,T,377
600051954180,4115,b5463e8c-4444-4d6b-ace7-50803b7e66ac,2022-07-30 17:58:41,108.917696,34.261068,0,6,1,1,2022-07-30 17:58:43,2686.0,9980,25844,0.0,631,91,13.7,0.0,T,378
600051954180,4115,b5463e8c-4444-4d6b-ace7-50803b7e66ac,2022-07-30 17:58:41,108.917696,34.26108,47,6,1,2,2022-07-30 17:58:44,2687.0,9980,25852,0.0,669,91,13.8,0.0,T,379
600051954180,4115,b5463e8c-4444-4d6b-ace7-50803b7e66ac,2022-07-30 17:58:41,108.917696,34.26108,47,6,1,2,2022-07-30 17:58:45,2688.0,9980,25852,0.0,669,91,13.8,0.0,T,380
600051954180,4115,b5463e8c-4444-4d6b-ace7-50803b7e66ac,2022-07-30 17:58:41,108.917696,34.261088,16,6,1,1,2022-07-30 17:58:46,2689.0,9980,25860,0.0,678,91,13.8,0.0,T,381
600051954180,4115,b5463e8c-4444-4d6b-ace7-50803b7e66ac,2022-07-30 17:58:41,108.917696,34.261096,351,6,1,2,2022-07-30 17:58:47,2690.0,9980,25868,0.0,635,91,13.8,0.0,T,382
600051954180,4115,b5463e8c-4444-4d6b-ace7-50803b7e66ac,2022-07-30 17:58:41,108.917696,34.2611,343,7,1,2,2022-07-30 17:58:48,2691.0,9980,25876,0.0,658,91,13.8,0.0,T,383
600051954180,4115,b5463e8c-4444-4d6b-ace7-50803b7e66ac,2022-07-30 17:58:41,108.917696,34.2611,343,7,1,2,2022-07-30 17:58:49,2692.0,9980,25876,0.0,658,91,13.8,0.0,T,384
600051954180,4115,b5463e8c-4444-4d6b-ace7-50803b7e66ac,2022-07-30 17:58:54,108.917696,34.261104,0,7,1,1,2022-07-30 17:58:50,2693.0,9980,25884,0.0,657,91,13.8,0.0,T,385
600051954180,4115,b5463e8c-4444-4d6b-ace7-50803b7e66ac,2022-07-30 17:58:54,108.917696,34.261096,0,7,1,0,2022-07-30 17:58:51,2694.0,9980,25892,0.0,641,91,13.8,0.0,T,386
600051954180,4115,b5463e8c-4444-4d6b-ace7-50803b7e66ac,2022-07-30 17:58:54,108.917696,34.2611,0,7,1,0,2022-07-30 17:58:52,2695.0,9980,25900,0.0,662,91,13.8,0.0,T,387
600051954180,4115,b5463e8c-4444-4d6b-ace7-50803b7e66ac,2022-07-30 17:58:54,108.917696,34.2611,0,7,1,0,2022-07-30 17:58:53,2696.0,9980,25900,0.0,662,91,13.8,0.0,T,388
600051954180,4115,b5463e8c-4444-4d6b-ace7-50803b7e66ac,2022-07-30 17:58:54,108.917696,34.2611,0,7,1,0,2022-07-30 17:58:54,2697.0,9980,25908,0.0,648,91,13.9,0.0,T,389
600051954180,4115,b5463e8c-4444-4d6b-ace7-50803b7e66ac,2022-07-30 17:58:54,108.917712,34.261108,0,7,1,0,2022-07-30 17:58:55,2698.0,9980,25916,0.0,650,91,13.8,0.0,T,390
600051954180,4115,b5463e8c-4444-4d6b-ace7-50803b7e66ac,2022-07-30 17:58:54,108.917712,34.261112,0,7,1,0,2022-07-30 17:58:56,2699.0,9980,25924,0.0,657,91,13.8,0.0,T,391
600051954180,4115,b5463e8c-4444-4d6b-ace7-50803b7e66ac,2022-07-30 17:58:54,108.917712,34.261112,0,7,1,0,2022-07-30 17:58:57,2700.0,9980,25924,0.0,657,91,13.8,0.0,T,392
600051954180,4115,b5463e8c-4444-4d6b-ace7-50803b7e66ac,2022-07-30 17:58:54,108.917712,34.261116,0,7,1,1,2022-07-30 17:58:58,2701.0,9980,25932,0.0,661,91,13.8,0.0,T,393
600051954180,4115,b5463e8c-4444-4d6b-ace7-50803b7e66ac,2022-07-30 17:58:54,108.917696,34.261144,0,8,1,1,2022-07-30 17:58:59,2702.0,9980,25940,0.0,665,92,13.8,0.0,T,394
600051954180,4115,b5463e8c-4444-4d6b-ace7-50803b7e66ac,2022-07-30 17:58:54,108.917696,34.261144,0,7,1,1,2022-07-30 17:59:00,2703.0,9980,25948,0.0,678,92,13.8,0.0,T,395
600051954180,4115,b5463e8c-4444-4d6b-ace7-50803b7e66ac,2022-07-30 17:58:54,108.917696,34.261144,0,7,1,1,2022-07-30 17:59:01,2704.0,9980,25948,0.0,678,92,13.8,0.0,T,396
600051954180,4115,b5463e8c-4444-4d6b-ace7-50803b7e66ac,2022-07-30 17:58:54,108.917696,34.261132,0,7,1,0,2022-07-30 17:59:02,2705.0,9980,25957,0.0,675,92,13.8,0.0,T,397
600051954180,4115,b5463e8c-4444-4d6b-ace7-50803b7e66ac,2022-07-30 17:59:08,108.917696,34.261144,0,7,1,0,2022-07-30 17:59:03,2706.0,9980,25964,0.0,674,92,13.8,0.0,T,398
600051954180,4115,b5463e8c-4444-4d6b-ace7-50803b7e66ac,2022-07-30 17:59:08,108.917696,34.261136,0,7,1,0,2022-07-30 17:59:04,2707.0,9980,25972,0.0,660,92,13.8,0.0,T,399
600051954180,4115,b5463e8c-4444-4d6b-ace7-50803b7e66ac,2022-07-30 17:59:08,108.917696,34.261136,0,7,1,0,2022-07-30 17:59:05,2708.0,9980,25972,0.0,660,92,13.8,0.0,T,400
600051954180,4115,b5463e8c-4444-4d6b-ace7-50803b7e66ac,2022-07-30 17:59:08,108.917696,34.261132,0,7,1,0,2022-07-30 17:59:06,2709.0,9980,25981,0.0,666,92,13.8,0.0,T,401
600051954180,4115,b5463e8c-4444-4d6b-ace7-50803b7e66ac,2022-07-30 17:59:08,108.917696,34.261136,0,7,1,0,2022-07-30 17:59:07,2710.0,9980,25989,0.0,657,92,13.8,0.0,T,402
600051954180,4115,b5463e8c-4444-4d6b-ace7-50803b7e66ac,2022-07-30 17:59:08,108.917696,34.261136,0,7,1,0,2022-07-30 17:59:08,2711.0,9980,25999,0.0,651,92,13.8,0.2777777777777778,T,403
600051954180,4115,b5463e8c-4444-4d6b-ace7-50803b7e66ac,2022-07-30 17:59:08,108.917696,34.261136,0,7,1,0,2022-07-30 17:59:09,2712.0,9980,25999,0.0,651,92,13.8,0.2777777777777778,T,404
600051954180,4115,b5463e8c-4444-4d6b-ace7-50803b7e66ac,2022-07-30 17:59:08,108.917712,34.261156,0,7,1,3,2022-07-30 17:59:10,2713.0,9981,26019,0.0,967,92,13.8,1.9444444444444444,T,405
600051954180,4115,b5463e8c-4444-4d6b-ace7-50803b7e66ac,2022-07-30 17:59:08,108.917728,34.261156,28,7,1,7,2022-07-30 17:59:11,2714.0,9984,26039,0.0,1432,92,13.9,0.6944444444444446,T,406
600051954180,4115,b5463e8c-4444-4d6b-ace7-50803b7e66ac,2022-07-30 17:59:08,108.917728,34.261156,28,7,1,7,2022-07-30 17:59:12,2715.0,9984,26039,0.0,1432,92,13.9,0.6944444444444446,T,407
600051954180,4115,b5463e8c-4444-4d6b-ace7-50803b7e66ac,2022-07-30 17:59:08,108.917808,34.26116,70,7,1,13,2022-07-30 17:59:13,2716.0,9991,26074,8.699196691322676,1621,92,13.9,0.5555555555555554,F,408
600051954180,4115,b5463e8c-4444-4d6b-ace7-50803b7e66ac,2022-07-30 17:59:08,108.91784,34.26116,77,7,1,13,2022-07-30 17:59:14,2717.0,9997,26095,9.941939075797343,1433,92,13.9,0.833333333333333,F,409
600051954180,4115,b5463e8c-4444-4d6b-ace7-50803b7e66ac,2022-07-30 17:59:08,108.917888,34.26116,80,7,1,15,2022-07-30 17:59:15,2718.0,10004,26115,11.806052652509345,1468,92,13.8,0.1388888888888888,F,410
600051954180,4115,b5463e8c-4444-4d6b-ace7-50803b7e66ac,2022-07-30 17:59:08,108.917888,34.26116,80,7,1,15,2022-07-30 17:59:16,2719.0,10004,26115,11.806052652509345,1468,92,13.8,0.1388888888888888,F,411
600051954180,4115,b5463e8c-4444-4d6b-ace7-50803b7e66ac,2022-07-30 17:59:21,108.918016,34.261184,80,7,1,20,2022-07-30 17:59:17,2720.0,10012,26137,12.427423844746679,1578,92,13.8,0.5555555555555562,F,412
600051954180,4115,b5463e8c-4444-4d6b-ace7-50803b7e66ac,2022-07-30 17:59:21,108.91808,34.261188,80,7,1,21,2022-07-30 17:59:18,2721.0,10020,26153,13.67016622922135,1170,92,13.8,0.2777777777777777,F,413
600051954180,4115,b5463e8c-4444-4d6b-ace7-50803b7e66ac,2022-07-30 17:59:21,108.918144,34.261184,82,7,1,21,2022-07-30 17:59:19,2722.0,10028,26160,14.291537421458683,1209,93,13.9,0.0,F,414
600051954180,4115,b5463e8c-4444-4d6b-ace7-50803b7e66ac,2022-07-30 17:59:21,108.918144,34.261184,82,7,1,21,2022-07-30 17:59:20,2723.0,10028,26160,14.291537421458683,1209,93,13.9,0.0,F,415
600051954180,4115,b5463e8c-4444-4d6b-ace7-50803b7e66ac,2022-07-30 17:59:21,108.91828,34.261172,88,7,1,22,2022-07-30 17:59:21,2724.0,10036,26169,14.291537421458683,1152,93,13.9,-0.2777777777777777,F,416
600051954180,4115,b5463e8c-4444-4d6b-ace7-50803b7e66ac,2022-07-30 17:59:21,108.91836,34.26116,90,7,1,21,2022-07-30 17:59:22,2725.0,10045,26179,13.67016622922135,1178,93,13.9,-0.2777777777777777,F,417
600051954180,4115,b5463e8c-4444-4d6b-ace7-50803b7e66ac,2022-07-30 17:59:21,108.918408,34.261156,93,8,1,21,2022-07-30 17:59:23,2726.0,10053,26184,13.048795036984014,1089,93,13.8,-0.1388888888888892,F,418
600051954180,4115,b5463e8c-4444-4d6b-ace7-50803b7e66ac,2022-07-30 17:59:21,108.918408,34.261156,93,8,1,21,2022-07-30 17:59:24,2727.0,10053,26184,13.048795036984014,1089,93,13.8,-0.1388888888888892,F,419
600051954180,4115,b5463e8c-4444-4d6b-ace7-50803b7e66ac,2022-07-30 17:59:21,108.918528,34.261184,90,8,1,18,2022-07-30 17:59:25,2728.0,10060,26206,12.427423844746679,1157,93,13.8,0.5555555555555562,F,420
600051954180,4115,b5463e8c-4444-4d6b-ace7-50803b7e66ac,2022-07-30 17:59:21,108.918584,34.261168,91,7,1,19,2022-07-30 17:59:26,2729.0,10068,26224,13.67016622922135,1154,93,13.8,0.2777777777777777,F,421
600051954180,4115,b5463e8c-4444-4d6b-ace7-50803b7e66ac,2022-07-30 17:59:21,108.918656,34.261152,97,7,1,20,2022-07-30 17:59:27,2730.0,10077,26241,14.291537421458683,1207,93,13.8,0.2777777777777777,F,422
600051954180,4115,b5463e8c-4444-4d6b-ace7-50803b7e66ac,2022-07-30 17:59:21,108.918656,34.261152,97,7,1,20,2022-07-30 17:59:28,2731.0,10077,26241,14.291537421458683,1207,93,13.8,0.2777777777777777,F,423
600051954180,4115,b5463e8c-4444-4d6b-ace7-50803b7e66ac,2022-07-30 17:59:21,108.918784,34.26112,102,7,1,22,2022-07-30 17:59:29,2732.0,10086,26263,15.534279805933348,1278,93,13.9,0.2777777777777777,F,424
600051954180,4115,b5463e8c-4444-4d6b-ace7-50803b7e66ac,2022-07-30 17:59:35,108.918864,34.261108,103,7,1,24,2022-07-30 17:59:30,2733.0,10096,26280,16.15565099817068,1379,93,13.8,0.2777777777777777,F,425
600051954180,4115,b5463e8c-4444-4d6b-ace7-50803b7e66ac,2022-07-30 17:59:35,108.918928,34.261088,104,7,1,24,2022-07-30 17:59:31,2734.0,10106,26286,16.777022190408015,1355,93,13.8,0.0,F,426
600051954180,4115,b5463e8c-4444-4d6b-ace7-50803b7e66ac,2022-07-30 17:59:35,108.918928,34.261088,104,7,1,24,2022-07-30 17:59:32,2735.0,10106,26286,16.777022190408015,1355,93,13.8,0.0,F,427
600051954180,4115,b5463e8c-4444-4d6b-ace7-50803b7e66ac,2022-07-30 17:59:35,108.919072,34.26104,106,7,1,24,2022-07-30 17:59:33,2736.0,10116,26302,16.777022190408015,1102,93,13.8,0.0,F,428
600051954180,4115,b5463e8c-4444-4d6b-ace7-50803b7e66ac,2022-07-30 17:59:35,108.919144,34.26102,107,7,1,24,2022-07-30 17:59:34,2737.0,10125,26309,16.777022190408015,1103,93,13.8,-0.5555555555555554,F,429
600051954180,4115,b5463e8c-4444-4d6b-ace7-50803b7e66ac,2022-07-30 17:59:35,108.919216,34.260996,107,7,1,25,2022-07-30 17:59:35,2738.0,10135,26314,15.534279805933348,1028,93,14.7,-0.4166666666666665,F,430
600051954180,4115,b5463e8c-4444-4d6b-ace7-50803b7e66ac,2022-07-30 17:59:35,108.919216,34.260996,107,7,1,25,2022-07-30 17:59:36,2739.0,10135,26314,15.534279805933348,1028,93,14.7,-0.4166666666666665,F,431
600051954180,4115,b5463e8c-4444-4d6b-ace7-50803b7e66ac,2022-07-30 17:59:35,108.919352,34.260968,107,6,1,23,2022-07-30 17:59:37,2740.0,10143,26328,13.67016622922135,918,93,13.9,0.0,F,432
600051954180,4115,b5463e8c-4444-4d6b-ace7-50803b7e66ac,2022-07-30 17:59:35,108.919416,34.260944,107,6,1,23,2022-07-30 17:59:38,2741.0,10151,26351,13.67016622922135,1218,93,13.9,0.833333333333333,F,433
600051954180,4115,b5463e8c-4444-4d6b-ace7-50803b7e66ac,2022-07-30 17:59:35,108.91948,34.260928,107,5,1,23,2022-07-30 17:59:39,2742.0,10160,26372,15.534279805933348,1315,93,13.9,0.2777777777777777,F,434
600051954180,4115,b5463e8c-4444-4d6b-ace7-50803b7e66ac,2022-07-30 17:59:35,108.91948,34.260928,107,5,1,23,2022-07-30 17:59:40,2743.0,10160,26372,15.534279805933348,1315,93,13.9,0.2777777777777777,F,435
600051954180,4115,b5463e8c-4444-4d6b-ace7-50803b7e66ac,2022-07-30 17:59:35,108.91968,34.26082,114,4,1,29,2022-07-30 17:59:41,2744.0,10170,26391,16.777022190408015,1386,93,13.8,0.0,F,436
600051954180,4115,b5463e8c-4444-4d6b-ace7-50803b7e66ac,2022-07-30 17:59:35,108.919744,34.260748,120,5,1,29,2022-07-30 17:59:42,2745.0,10180,26409,16.777022190408015,1411,93,13.7,0.2777777777777785,F,437
600051954180,4115,b5463e8c-4444-4d6b-ace7-50803b7e66ac,2022-07-30 17:59:48,108.919792,34.260692,122,5,1,28,2022-07-30 17:59:43,2746.0,10191,26417,17.398393382645352,1164,93,13.8,-0.2777777777777781,F,438
600051954180,4115,b5463e8c-4444-4d6b-ace7-50803b7e66ac,2022-07-30 17:59:48,108.919792,34.260692,122,5,1,28,2022-07-30 17:59:44,2747.0,10191,26417,17.398393382645352,1164,93,13.8,-0.2777777777777781,F,439
600051954180,4115,b5463e8c-4444-4d6b-ace7-50803b7e66ac,2022-07-30 17:59:48,108.91992,34.26058,125,5,1,27,2022-07-30 17:59:45,2748.0,10200,26425,16.15565099817068,1100,93,14.6,-2.2222222222222223,F,440
600051954180,4115,b5463e8c-4444-4d6b-ace7-50803b7e66ac,2022-07-30 17:59:48,108.919992,34.260536,125,4,1,27,2022-07-30 17:59:46,2749.0,10207,26434,11.18468146027201,833,93,13.9,-0.833333333333333,F,441
600051954180,4115,b5463e8c-4444-4d6b-ace7-50803b7e66ac,2022-07-30 17:59:48,108.92004,34.2605,125,5,1,26,2022-07-30 17:59:47,2750.0,10213,26449,9.32056788356001,1005,93,13.9,0.1388888888888888,F,442
600051954180,4115,b5463e8c-4444-4d6b-ace7-50803b7e66ac,2022-07-30 17:59:48,108.92004,34.2605,125,5,1,26,2022-07-30 17:59:48,2751.0,10213,26449,9.32056788356001,1005,93,13.9,0.1388888888888888,F,443
600051954180,4115,b5463e8c-4444-4d6b-ace7-50803b7e66ac,2022-07-30 17:59:48,108.920152,34.260452,120,6,1,21,2022-07-30 17:59:49,2752.0,10218,26464,9.941939075797343,1413,93,13.9,0.2777777777777777,F,444
600051954180,4115,b5463e8c-4444-4d6b-ace7-50803b7e66ac,2022-07-30 17:59:48,108.9202,34.26044,115,6,1,20,2022-07-30 17:59:50,2753.0,10225,26470,10.563310268034677,1218,93,13.9,-0.833333333333333,F,445
600051954180,4115,b5463e8c-4444-4d6b-ace7-50803b7e66ac,2022-07-30 17:59:48,108.920248,34.260416,113,6,1,19,2022-07-30 17:59:51,2754.0,10230,26483,8.699196691322676,1053,93,13.8,0.0,F,446
600051954180,4115,b5463e8c-4444-4d6b-ace7-50803b7e66ac,2022-07-30 17:59:48,108.920248,34.260416,113,6,1,19,2022-07-30 17:59:52,2755.0,10230,26483,8.699196691322676,1053,93,13.8,0.0,F,447
600051954180,4115,b5463e8c-4444-4d6b-ace7-50803b7e66ac,2022-07-30 17:59:48,108.920328,34.260384,109,6,1,17,2022-07-30 17:59:53,2756.0,10235,26488,8.699196691322676,1105,93,13.8,-0.5555555555555558,F,448
600051954180,4115,b5463e8c-4444-4d6b-ace7-50803b7e66ac,2022-07-30 17:59:48,108.920368,34.260372,108,6,1,17,2022-07-30 17:59:54,2757.0,10240,26496,7.456454306848007,946,93,13.9,-0.2777777777777777,F,449
600051954180,4115,b5463e8c-4444-4d6b-ace7-50803b7e66ac,2022-07-30 17:59:48,108.920408,34.260364,107,6,1,15,2022-07-30 17:59:55,2758.0,10244,26505,6.835083114610675,895,92,13.9,-0.138888888888889,F,450
600051954180,4115,b5463e8c-4444-4d6b-ace7-50803b7e66ac,2022-07-30 17:59:48,108.920408,34.260364,107,6,1,15,2022-07-30 17:59:56,2759.0,10244,26505,6.835083114610675,895,92,13.9,-0.138888888888889,F,451
600051954180,4115,b5463e8c-4444-4d6b-ace7-50803b7e66ac,2022-07-30 18:00:01,108.920456,34.260352,104,6,1,12,2022-07-30 17:59:57,2760.0,10247,26515,6.2137119223733395,884,92,13.9,0.0,F,452
600051954180,4115,b5463e8c-4444-4d6b-ace7-50803b7e66ac,2022-07-30 18:00:01,108.920496,34.260352,103,6,1,11,2022-07-30 17:59:58,2761.0,10251,26530,6.2137119223733395,972,92,13.9,0.2777777777777781,F,453
600051954180,4115,b5463e8c-4444-4d6b-ace7-50803b7e66ac,2022-07-30 18:00:01,108.920536,34.26034,100,6,1,13,2022-07-30 17:59:59,2762.0,10255,26542,6.835083114610675,837,92,13.9,0.0,F,454
600051954180,4115,b5463e8c-4444-4d6b-ace7-50803b7e66ac,2022-07-30 18:00:01,108.920536,34.26034,100,6,1,13,2022-07-30 18:00:00,2763.0,10255,26542,6.835083114610675,837,92,13.9,0.0,F,455
600051954180,4115,b5463e8c-4444-4d6b-ace7-50803b7e66ac,2022-07-30 18:00:01,108.92064,34.260336,94,6,1,14,2022-07-30 18:00:01,2764.0,10259,26551,6.835083114610675,942,92,13.9,-0.2777777777777781,F,456
600051954180,4115,b5463e8c-4444-4d6b-ace7-50803b7e66ac,2022-07-30 18:00:01,108.920688,34.26034,90,6,1,16,2022-07-30 18:00:02,2765.0,10263,26560,6.2137119223733395,821,92,13.9,-0.2777777777777777,F,457
600051954180,4115,b5463e8c-4444-4d6b-ace7-50803b7e66ac,2022-07-30 18:00:01,108.920736,34.260356,86,6,1,15,2022-07-30 18:00:03,2766.0,10266,26569,5.592340730136005,754,92,13.6,-0.2777777777777777,F,458
600051954180,4115,b5463e8c-4444-4d6b-ace7-50803b7e66ac,2022-07-30 18:00:01,108.920736,34.260356,86,6,1,15,2022-07-30 18:00:04,2767.0,10266,26569,5.592340730136005,754,92,13.6,-0.2777777777777777,F,459
600051954180,4115,b5463e8c-4444-4d6b-ace7-50803b7e66ac,2022-07-30 18:00:01,108.9208,34.260364,84,6,1,12,2022-07-30 18:00:05,2768.0,10269,26579,4.349598345661339,674,92,13.8,-0.8333333333333335,F,460
600051954180,4115,b5463e8c-4444-4d6b-ace7-50803b7e66ac,2022-07-30 18:00:01,108.920832,34.26036,84,3,1,12,2022-07-30 18:00:06,2769.0,10270,26590,2.485484768949336,653,92,13.9,-1.1111111111111112,F,461
600046849620,2459,aa4fa87b-0814-4494-b0f3-335598604aa3,2022-05-24 07:13:30,108.94692,34.315288,88,3,1,18,2022-05-24 07:13:31,1506.0,17575,16611,0.0,772,100,13.4,-1.1111111111111112,T,462
600046849620,2459,aa4fa87b-0814-4494-b0f3-335598604aa3,2022-05-24 07:13:30,108.946952,34.315284,89,3,1,15,2022-05-24 07:13:32,1507.0,17577,16615,0.0,766,100,13.4,0.0,T,463
600046849620,2459,aa4fa87b-0814-4494-b0f3-335598604aa3,2022-05-24 07:13:30,108.946992,34.31528,90,3,1,14,2022-05-24 07:13:33,1508.0,17578,16620,0.0,826,100,13.5,-0.5555555555555556,T,464
600046849620,2459,aa4fa87b-0814-4494-b0f3-335598604aa3,2022-05-24 07:13:30,108.947024,34.31528,91,3,1,13,2022-05-24 07:13:34,1509.0,17578,16625,0.0,812,100,13.4,-0.5555555555555556,T,465
600046849620,2459,aa4fa87b-0814-4494-b0f3-335598604aa3,2022-05-24 07:13:30,108.94704,34.315268,92,3,1,10,2022-05-24 07:13:35,1510.0,17578,16630,0.0,844,100,13.7,0.0,T,466
600046849620,2459,aa4fa87b-0814-4494-b0f3-335598604aa3,2022-05-24 07:13:42,108.947056,34.315272,94,4,1,9,2022-05-24 07:13:36,1511.0,17578,16635,0.0,851,100,13.7,0.0,T,467
600046849620,2459,aa4fa87b-0814-4494-b0f3-335598604aa3,2022-05-24 07:13:42,108.947064,34.315272,96,4,1,7,2022-05-24 07:13:37,1512.0,17578,16640,0.0,838,100,13.6,0.0,T,468
600046849620,2459,aa4fa87b-0814-4494-b0f3-335598604aa3,2022-05-24 07:13:42,108.947088,34.315264,102,3,1,6,2022-05-24 07:13:38,1513.0,17578,16645,0.0,840,101,13.6,0.0,T,469
600046849620,2459,aa4fa87b-0814-4494-b0f3-335598604aa3,2022-05-24 07:13:42,108.947088,34.315264,102,3,1,6,2022-05-24 07:13:39,1514.0,17578,16645,0.0,840,101,13.6,0.0,T,470
600046849620,2459,aa4fa87b-0814-4494-b0f3-335598604aa3,2022-05-24 07:13:42,108.947168,34.315256,104,3,1,9,2022-05-24 07:13:40,1515.0,17578,16650,0.0,840,101,13.7,0.0,T,471
600046849620,2459,aa4fa87b-0814-4494-b0f3-335598604aa3,2022-05-24 07:13:42,108.9472,34.315248,104,3,1,10,2022-05-24 07:13:41,1516.0,17578,16655,0.0,835,101,13.7,0.0,T,472
600046849620,2459,aa4fa87b-0814-4494-b0f3-335598604aa3,2022-05-24 07:13:42,108.947216,34.315248,105,3,1,9,2022-05-24 07:13:42,1517.0,17578,16660,0.0,837,101,13.6,0.0,T,473
600046849620,2459,aa4fa87b-0814-4494-b0f3-335598604aa3,2022-05-24 07:13:42,108.947232,34.315252,105,3,1,7,2022-05-24 07:13:43,1518.0,17578,16665,0.0,837,101,13.6,0.0,T,474
600046849620,2459,aa4fa87b-0814-4494-b0f3-335598604aa3,2022-05-24 07:13:42,108.947232,34.315252,105,4,1,6,2022-05-24 07:13:44,1519.0,17578,16670,0.0,839,101,13.7,0.0,T,475
600046849620,2459,aa4fa87b-0814-4494-b0f3-335598604aa3,2022-05-24 07:13:42,108.947216,34.315252,0,4,1,5,2022-05-24 07:13:45,1520.0,17578,16675,0.0,836,101,13.7,0.0,T,476
600046849620,2459,aa4fa87b-0814-4494-b0f3-335598604aa3,2022-05-24 07:13:42,108.947216,34.315252,0,4,1,5,2022-05-24 07:13:46,1521.0,17578,16680,0.0,839,101,13.6,0.0,T,477
600046849620,2459,aa4fa87b-0814-4494-b0f3-335598604aa3,2022-05-24 07:13:53,108.947184,34.315288,0,6,1,3,2022-05-24 07:13:47,1522.0,17578,16685,0.0,836,101,13.7,0.0,T,478
600046849620,2459,aa4fa87b-0814-4494-b0f3-335598604aa3,2022-05-24 07:13:53,108.947152,34.315328,0,5,1,1,2022-05-24 07:13:48,1523.0,17578,16690,0.0,836,101,13.7,0.0,T,479
600046849620,2459,aa4fa87b-0814-4494-b0f3-335598604aa3,2022-05-24 07:13:53,108.947152,34.315328,0,5,1,1,2022-05-24 07:13:49,1524.0,17578,16690,0.0,836,101,13.7,0.0,T,480
600046849620,2459,aa4fa87b-0814-4494-b0f3-335598604aa3,2022-05-24 07:13:53,108.947152,34.315324,0,3,1,2,2022-05-24 07:13:50,1525.0,17578,16695,0.0,835,101,13.6,0.0,T,481
600046849620,2459,aa4fa87b-0814-4494-b0f3-335598604aa3,2022-05-24 07:13:53,108.947168,34.315324,0,3,1,2,2022-05-24 07:13:51,1526.0,17578,16700,0.0,837,101,13.6,0.0,T,482
600046849620,2459,aa4fa87b-0814-4494-b0f3-335598604aa3,2022-05-24 07:13:53,108.947184,34.315324,0,3,1,2,2022-05-24 07:13:52,1527.0,17578,16705,0.0,840,101,13.7,0.0,T,483
600046849620,2459,aa4fa87b-0814-4494-b0f3-335598604aa3,2022-05-24 07:13:53,108.9472,34.31532,0,4,1,2,2022-05-24 07:13:53,1528.0,17578,16710,0.0,841,102,13.6,0.0,T,484
600046849620,2459,aa4fa87b-0814-4494-b0f3-335598604aa3,2022-05-24 07:13:53,108.947216,34.31532,0,4,1,3,2022-05-24 07:13:54,1529.0,17578,16715,0.0,840,102,13.6,0.0,T,485
600046849620,2459,aa4fa87b-0814-4494-b0f3-335598604aa3,2022-05-24 07:13:53,108.947232,34.315316,0,4,1,3,2022-05-24 07:13:55,1530.0,17578,16720,0.0,831,102,13.6,0.0,T,486
600046849620,2459,aa4fa87b-0814-4494-b0f3-335598604aa3,2022-05-24 07:13:53,108.947264,34.315312,0,4,1,3,2022-05-24 07:13:56,1531.0,17578,16725,0.0,832,102,13.6,0.0,T,487
600046849620,2459,aa4fa87b-0814-4494-b0f3-335598604aa3,2022-05-24 07:13:53,108.94728,34.315308,0,4,1,4,2022-05-24 07:13:57,1532.0,17578,16730,0.0,834,102,13.7,0.0,T,488
600046849620,2459,aa4fa87b-0814-4494-b0f3-335598604aa3,2022-05-24 07:14:04,108.94728,34.315304,0,4,1,4,2022-05-24 07:13:58,1533.0,17578,16735,0.0,836,102,13.7,0.0,T,489
600046849620,2459,aa4fa87b-0814-4494-b0f3-335598604aa3,2022-05-24 07:14:04,108.94728,34.315304,0,4,1,4,2022-05-24 07:13:59,1534.0,17578,16735,0.0,836,102,13.7,0.0,T,490
600046849620,2459,aa4fa87b-0814-4494-b0f3-335598604aa3,2022-05-24 07:14:04,108.947296,34.3153,0,4,1,3,2022-05-24 07:14:00,1535.0,17578,16740,0.0,839,102,13.5,0.0,T,491
600046849620,2459,aa4fa87b-0814-4494-b0f3-335598604aa3,2022-05-24 07:14:04,108.947296,34.3153,0,4,1,3,2022-05-24 07:14:01,1536.0,17578,16745,0.0,832,102,13.6,0.0,T,492
600046849620,2459,aa4fa87b-0814-4494-b0f3-335598604aa3,2022-05-24 07:14:04,108.947296,34.315308,0,4,1,3,2022-05-24 07:14:02,1537.0,17578,16750,0.0,836,102,13.4,0.0,T,493
600046849620,2459,aa4fa87b-0814-4494-b0f3-335598604aa3,2022-05-24 07:14:04,108.947296,34.315312,0,4,1,2,2022-05-24 07:14:03,1538.0,17578,16754,0.0,838,102,13.6,0.0,T,494
600046849620,2459,aa4fa87b-0814-4494-b0f3-335598604aa3,2022-05-24 07:14:04,108.94728,34.315316,0,4,1,2,2022-05-24 07:14:04,1539.0,17578,16759,0.0,838,102,13.7,0.0,T,495
600046849620,2459,aa4fa87b-0814-4494-b0f3-335598604aa3,2022-05-24 07:14:04,108.94728,34.315316,0,4,1,1,2022-05-24 07:14:05,1540.0,17578,16764,0.0,843,102,13.6,0.0,T,496
600046849620,2459,aa4fa87b-0814-4494-b0f3-335598604aa3,2022-05-24 07:14:04,108.947264,34.315316,0,4,1,0,2022-05-24 07:14:06,1541.0,17578,16769,0.0,840,102,13.5,0.0,T,497
600046849620,2459,aa4fa87b-0814-4494-b0f3-335598604aa3,2022-05-24 07:14:04,108.947264,34.315316,0,4,1,0,2022-05-24 07:14:07,1542.0,17578,16774,0.0,835,102,13.6,0.0,T,498
600046849620,2459,aa4fa87b-0814-4494-b0f3-335598604aa3,2022-05-24 07:14:04,108.947248,34.31532,0,4,1,0,2022-05-24 07:14:08,1543.0,17578,16779,0.0,839,102,13.7,0.0,T,499
600046849620,2459,aa4fa87b-0814-4494-b0f3-335598604aa3,2022-05-24 07:14:04,108.947248,34.31532,0,4,1,0,2022-05-24 07:14:09,1544.0,17578,16779,0.0,839,102,13.7,0.0,T,500
600046849620,2459,aa4fa87b-0814-4494-b0f3-335598604aa3,2022-05-24 07:14:15,108.947248,34.31532,0,4,1,0,2022-05-24 07:14:10,1545.0,17578,16784,0.0,839,102,13.6,0.0,T,501
600046849620,2459,aa4fa87b-0814-4494-b0f3-335598604aa3,2022-05-24 07:14:15,108.947232,34.315316,0,4,1,0,2022-05-24 07:14:11,1546.0,17578,16788,0.0,834,102,13.5,0.0,T,502
600046849620,2459,aa4fa87b-0814-4494-b0f3-335598604aa3,2022-05-24 07:14:15,108.947232,34.315312,0,4,1,0,2022-05-24 07:14:12,1547.0,17578,16794,0.0,838,102,13.6,0.0,T,503
600046849620,2459,aa4fa87b-0814-4494-b0f3-335598604aa3,2022-05-24 07:14:15,108.947232,34.315312,0,4,1,0,2022-05-24 07:14:13,1548.0,17578,16798,0.0,839,102,13.5,0.2777777777777778,T,504
600046849620,2459,aa4fa87b-0814-4494-b0f3-335598604aa3,2022-05-24 07:14:15,108.947216,34.315308,0,4,1,0,2022-05-24 07:14:14,1549.0,17579,16803,0.0,832,102,13.6,0.8333333333333334,T,505
600046849620,2459,aa4fa87b-0814-4494-b0f3-335598604aa3,2022-05-24 07:14:15,108.947216,34.3153,0,4,1,0,2022-05-24 07:14:15,1550.0,17580,16809,0.0,832,102,13.6,0.5555555555555556,T,506
600046849620,2459,aa4fa87b-0814-4494-b0f3-335598604aa3,2022-05-24 07:14:15,108.947232,34.315272,0,4,1,1,2022-05-24 07:14:16,1551.0,17582,16814,0.0,946,102,13.6,0.2777777777777779,T,507
600046849620,2459,aa4fa87b-0814-4494-b0f3-335598604aa3,2022-05-24 07:14:15,108.947232,34.315264,0,4,1,2,2022-05-24 07:14:17,1552.0,17584,16818,0.0,871,102,13.4,-0.1388888888888889,T,508
600046849620,2459,aa4fa87b-0814-4494-b0f3-335598604aa3,2022-05-24 07:14:15,108.947232,34.315264,0,4,1,2,2022-05-24 07:14:18,1553.0,17584,16818,0.0,871,102,13.4,-0.1388888888888889,T,509
600046849620,2459,aa4fa87b-0814-4494-b0f3-335598604aa3,2022-05-24 07:14:15,108.947264,34.315264,0,4,1,3,2022-05-24 07:14:19,1554.0,17586,16822,0.0,866,102,13.4,0.0,T,510
600046849620,2459,aa4fa87b-0814-4494-b0f3-335598604aa3,2022-05-24 07:14:15,108.947264,34.31526,0,4,1,3,2022-05-24 07:14:20,1555.0,17588,16826,0.0,920,102,13.5,0.5555555555555556,T,511
600046849620,2459,aa4fa87b-0814-4494-b0f3-335598604aa3,2022-05-24 07:14:26,108.947296,34.315256,0,4,1,4,2022-05-24 07:14:21,1556.0,17590,16835,0.0,1154,102,13.6,0.5555555555555554,T,512
600046849620,2459,aa4fa87b-0814-4494-b0f3-335598604aa3,2022-05-24 07:14:26,108.947336,34.31526,98,5,1,6,2022-05-24 07:14:22,1557.0,17593,16842,6.2137119223733395,1311,102,13.6,0.0,F,513
600046849620,2459,aa4fa87b-0814-4494-b0f3-335598604aa3,2022-05-24 07:14:26,108.947352,34.315268,91,5,1,7,2022-05-24 07:14:23,1558.0,17596,16846,6.2137119223733395,1094,102,13.5,0.0,F,514
600046849620,2459,aa4fa87b-0814-4494-b0f3-335598604aa3,2022-05-24 07:14:26,108.947384,34.31526,94,5,1,7,2022-05-24 07:14:24,1559.0,17599,16853,6.2137119223733395,1425,102,13.6,0.2777777777777781,F,515
600046849620,2459,aa4fa87b-0814-4494-b0f3-335598604aa3,2022-05-24 07:14:26,108.947392,34.315264,93,5,1,8,2022-05-24 07:14:25,1560.0,17603,16856,6.835083114610675,1126,102,13.5,-0.2777777777777781,F,516
600046849620,2459,aa4fa87b-0814-4494-b0f3-335598604aa3,2022-05-24 07:14:26,108.947424,34.315252,100,5,1,8,2022-05-24 07:14:26,1561.0,17606,16861,6.2137119223733395,808,102,13.6,0.2777777777777781,F,517
600046849620,2459,aa4fa87b-0814-4494-b0f3-335598604aa3,2022-05-24 07:14:26,108.94744,34.31526,100,4,1,8,2022-05-24 07:14:27,1562.0,17609,16865,6.835083114610675,1513,102,13.5,0.0,F,518
600046849620,2459,aa4fa87b-0814-4494-b0f3-335598604aa3,2022-05-24 07:14:26,108.94744,34.31526,100,4,1,8,2022-05-24 07:14:28,1563.0,17609,16865,6.835083114610675,1513,102,13.5,0.0,F,519
600046849620,2459,aa4fa87b-0814-4494-b0f3-335598604aa3,2022-05-24 07:14:26,108.94748,34.315284,93,5,1,7,2022-05-24 07:14:29,1564.0,17613,16869,6.835083114610675,1079,102,13.5,-0.8333333333333335,F,520
600046849620,2459,aa4fa87b-0814-4494-b0f3-335598604aa3,2022-05-24 07:14:26,108.947552,34.315236,97,5,1,9,2022-05-24 07:14:30,1565.0,17615,16872,4.970969537898672,867,102,13.5,-0.5555555555555556,F,521
600046849620,2459,aa4fa87b-0814-4494-b0f3-335598604aa3,2022-05-24 07:14:26,108.947576,34.315244,97,4,1,8,2022-05-24 07:14:31,1566.0,17617,16876,3.7282271534240037,854,102,13.5,-0.5555555555555556,F,522
600046849620,2459,aa4fa87b-0814-4494-b0f3-335598604aa3,2022-05-24 07:14:37,108.947592,34.315252,97,4,1,8,2022-05-24 07:14:32,1567.0,17618,16881,2.485484768949336,765,102,13.4,0.2777777777777777,F,523
600046849620,2459,aa4fa87b-0814-4494-b0f3-335598604aa3,2022-05-24 07:14:37,108.947624,34.315268,93,6,1,8,2022-05-24 07:14:33,1568.0,17620,16885,3.1068559611866697,832,102,13.4,0.2777777777777779,F,524
600046849620,2459,aa4fa87b-0814-4494-b0f3-335598604aa3,2022-05-24 07:14:37,108.947656,34.315288,87,6,1,9,2022-05-24 07:14:34,1569.0,17622,16889,3.7282271534240037,859,102,13.4,-0.5555555555555556,F,525
600046849620,2459,aa4fa87b-0814-4494-b0f3-335598604aa3,2022-05-24 07:14:37,108.947712,34.315308,81,6,1,11,2022-05-24 07:14:35,1570.0,17623,16893,2.485484768949336,795,102,13.4,0.0,F,526
600046849620,2459,aa4fa87b-0814-4494-b0f3-335598604aa3,2022-05-24 07:14:37,108.947736,34.315324,79,6,1,11,2022-05-24 07:14:36,1571.0,17624,16898,2.485484768949336,812,102,13.5,0.2777777777777778,F,527
600046849620,2459,aa4fa87b-0814-4494-b0f3-335598604aa3,2022-05-24 07:14:37,108.947736,34.315324,79,6,1,11,2022-05-24 07:14:37,1572.0,17624,16898,2.485484768949336,812,102,13.5,0.2777777777777778,F,528
600046849620,2459,aa4fa87b-0814-4494-b0f3-335598604aa3,2022-05-24 07:14:37,108.947784,34.315372,72,6,1,10,2022-05-24 07:14:38,1573.0,17626,16902,3.7282271534240037,842,102,13.4,0.0,F,529
600046849620,2459,aa4fa87b-0814-4494-b0f3-335598604aa3,2022-05-24 07:14:37,108.947824,34.315368,76,5,1,10,2022-05-24 07:14:39,1574.0,17628,16905,3.7282271534240037,862,102,13.4,0.0,F,530
600046849620,2459,aa4fa87b-0814-4494-b0f3-335598604aa3,2022-05-24 07:14:37,108.94784,34.315364,85,5,1,9,2022-05-24 07:14:40,1575.0,17630,16909,3.7282271534240037,858,102,13.5,0.0,F,531
600046849620,2459,aa4fa87b-0814-4494-b0f3-335598604aa3,2022-05-24 07:14:37,108.947872,34.315368,87,5,1,9,2022-05-24 07:14:41,1576.0,17632,16912,3.7282271534240037,859,102,13.4,0.0,F,532
600046849620,2459,aa4fa87b-0814-4494-b0f3-335598604aa3,2022-05-24 07:14:37,108.94788,34.315372,88,4,1,8,2022-05-24 07:14:42,1577.0,17634,16918,3.7282271534240037,857,102,13.5,0.8333333333333333,F,533
600046849620,2459,aa4fa87b-0814-4494-b0f3-335598604aa3,2022-05-24 07:14:48,108.947912,34.315372,89,5,1,8,2022-05-24 07:14:43,1578.0,17636,16930,5.592340730136005,1272,102,13.7,0.8333333333333335,F,534
600046849620,2459,aa4fa87b-0814-4494-b0f3-335598604aa3,2022-05-24 07:14:48,108.947912,34.31538,88,4,1,8,2022-05-24 07:14:44,1579.0,17640,16943,7.456454306848007,1620,102,13.7,0.5555555555555558,F,535
600046849620,2459,aa4fa87b-0814-4494-b0f3-335598604aa3,2022-05-24 07:14:48,108.947952,34.31538,88,4,1,9,2022-05-24 07:14:45,1580.0,17644,16947,8.699196691322676,1490,102,13.5,-0.2777777777777781,F,536
600046849620,2459,aa4fa87b-0814-4494-b0f3-335598604aa3,2022-05-24 07:14:48,108.948,34.315372,90,4,1,12,2022-05-24 07:14:46,1581.0,17648,16950,8.07782549908534,982,102,13.5,-0.2777777777777777,F,537
600046849620,2459,aa4fa87b-0814-4494-b0f3-335598604aa3,2022-05-24 07:14:48,108.948,34.315372,90,4,1,12,2022-05-24 07:14:47,1582.0,17648,16950,8.07782549908534,982,102,13.5,-0.2777777777777777,F,538
600046849620,2459,aa4fa87b-0814-4494-b0f3-335598604aa3,2022-05-24 07:14:48,108.94804,34.315368,92,4,1,11,2022-05-24 07:14:48,1583.0,17652,16953,6.835083114610675,846,102,13.5,0.0,F,539
600046849620,2459,aa4fa87b-0814-4494-b0f3-335598604aa3,2022-05-24 07:14:48,108.94808,34.315372,92,4,1,11,2022-05-24 07:14:49,1584.0,17655,16961,6.835083114610675,871,102,13.5,0.5555555555555554,F,540
600046849620,2459,aa4fa87b-0814-4494-b0f3-335598604aa3,2022-05-24 07:14:48,108.948112,34.315384,89,5,1,12,2022-05-24 07:14:50,1585.0,17659,16978,8.07782549908534,1335,102,13.7,1.1111111111111112,F,541
600046849620,2459,aa4fa87b-0814-4494-b0f3-335598604aa3,2022-05-24 07:14:48,108.948144,34.315388,87,5,1,12,2022-05-24 07:14:51,1586.0,17664,16982,10.563310268034677,1494,102,13.6,0.0,F,542
600046849620,2459,aa4fa87b-0814-4494-b0f3-335598604aa3,2022-05-24 07:14:48,108.948176,34.315388,86,5,1,13,2022-05-24 07:14:52,1587.0,17670,16985,10.563310268034677,1103,102,13.5,-0.5555555555555554,F,543
600046849620,2459,aa4fa87b-0814-4494-b0f3-335598604aa3,2022-05-24 07:14:48,108.948208,34.315392,86,5,1,13,2022-05-24 07:14:53,1588.0,17674,16988,9.32056788356001,905,102,13.4,-0.5555555555555558,F,544
600046849620,2459,aa4fa87b-0814-4494-b0f3-335598604aa3,2022-05-24 07:15:00,108.948224,34.315404,85,5,1,11,2022-05-24 07:14:54,1589.0,17678,16991,8.07782549908534,830,102,13.4,-0.5555555555555554,F,545
600046849620,2459,aa4fa87b-0814-4494-b0f3-335598604aa3,2022-05-24 07:15:00,108.94824,34.315408,85,5,1,11,2022-05-24 07:14:55,1590.0,17682,16994,6.835083114610675,803,102,13.5,-0.138888888888889,F,546
600046849620,2459,aa4fa87b-0814-4494-b0f3-335598604aa3,2022-05-24 07:15:00,108.94824,34.315408,85,5,1,11,2022-05-24 07:14:56,1591.0,17682,16994,6.835083114610675,803,102,13.5,-0.138888888888889,F,547
600046849620,2459,aa4fa87b-0814-4494-b0f3-335598604aa3,2022-05-24 07:15:00,108.948256,34.315404,86,5,1,8,2022-05-24 07:14:57,1592.0,17685,16998,6.2137119223733395,857,102,13.4,-0.2777777777777777,F,548
